1,caseNumber,None,TEXT,Case Number,1,N,NULL,NULL,Case,NULL,\N
2,hearingDate,None,TEXT,First Hearing Date,2,N,NULL,NULL,Case,NULL,\N
3,courtDepartment,None,TEXT,Courtroom,3,N,NULL,NULL,Case,NULL,\N
4,party1FirstName,None,TEXT,First Name,4,N,NULL,NULL,Case,NULL,\N
5,party1MiddleName,None,TEXT,Middle Name,5,N,NULL,NULL,Case,NULL,\N
6,party1LastName,None,TEXT,Last Name,6,N,NULL,NULL,Case,NULL,\N
7,party1Desgination,None,DROPDOWN,Designation,7,N,Protected\,Restrained,NULL,Case,NULL,\N
8,party1AddressStreet,None,TEXT,Address Street,8,N,NULL,NULL,Case,NULL,\N
9,party1AddressCity,None,TEXT,Address City,9,N,NULL,NULL,Case,NULL,\N
10,party1AddressState,None,TEXT,Address State,10,N,NULL,NULL,Case,NULL,\N
11,party1AddressZip,None,TEXT,Address Zip,11,N,NULL,NULL,Case,NULL,\N
12,party1Phone,None,TEXT,Phone,12,N,NULL,NULL,Case,NULL,\N
13,party1Sex,None,TEXT,Sex,13,N,NULL,NULL,Case,NULL,\N
14,party1Race,None,DROPDOWN,Race,14,N,NULL,NULL,Case,NULL,\N
15,party1HairColor,None,DROPDOWN,Hair,15,N,NULL,NULL,Case,NULL,\N
16,party1EyeColor,None,DROPDOWN,Eyes,16,N,NULL,NULL,Case,NULL,\N
17,party1Weight,None,TEXT,Weight,17,N,NULL,NULL,Case,NULL,\N
18,party1HeightFt,None,TEXT,Height Ft,18,N,NULL,NULL,Case,NULL,\N
19,party1HeightIn,None,TEXT,Heght In,19,N,NULL,NULL,Case,NULL,\N
20,party1DOB,None,TEXT,Date of Birth,20,N,NULL,NULL,Case,NULL,\N
21,party1Age,None,TEXT,Age,21,N,NULL,NULL,Case,NULL,\N
22,party2FirstName,None,TEXT,First Name,22,N,NULL,NULL,Case,NULL,\N
23,party2MiddleName,None,TEXT,Middle Name,23,N,NULL,NULL,Case,NULL,\N
24,party2LastName,None,TEXT,Last Name,24,N,NULL,NULL,Case,NULL,\N
25,party2Desgination,None,DROPDOWN,Designation,25,N,Protected\,Restrained,NULL,Case,NULL,\N
26,party2AddressStreet,None,TEXT,Address Street,26,N,NULL,NULL,Case,NULL,\N
27,party2AddressCity,None,TEXT,Address City,27,N,NULL,NULL,Case,NULL,\N
28,party2AddressState,None,TEXT,Address State,28,N,NULL,NULL,Case,NULL,\N
29,party2AddressZip,None,TEXT,Address Zip,29,N,NULL,NULL,Case,NULL,\N
30,party2Phone,None,TEXT,Phone,30,N,NULL,NULL,Case,NULL,\N
31,party2Sex,None,TEXT,Sex,31,N,NULL,NULL,Case,NULL,\N
32,party2Race,None,DROPDOWN,Race,32,N,NULL,NULL,Case,NULL,\N
33,party2HairColor,None,DROPDOWN,Hair,33,N,NULL,NULL,Case,NULL,\N
34,party2EyeColor,None,DROPDOWN,Eyes,34,N,NULL,NULL,Case,NULL,\N
35,party2Weight,None,TEXT,Weight,35,N,NULL,NULL,Case,NULL,\N
36,party2HeightFt,None,TEXT,Height Ft,36,N,NULL,NULL,Case,NULL,\N
37,party2HeightIn,None,TEXT,Heght In,37,N,NULL,NULL,Case,NULL,\N
38,party2DOB,None,TEXT,Date of Birth,38,N,NULL,NULL,Case,NULL,\N
39,party2Age,None,TEXT,Age,39,N,NULL,NULL,Case,NULL,\N
40,child[1]FirstName,None,TEXT,First Name,40,N,NULL,NULL,Case,NULL,\N
41,child[1]LastName,None,TEXT,Last Name,41,N,NULL,NULL,Case,NULL,\N
42,child[1]Relationship,None,DROPDOWN,Relationship,42,N,NULL,NULL,Case,NULL,\N
43,child[1]Sex,None,BOOL,Sex,43,N,NULL,NULL,Case,NULL,\N
44,child[1]DOB,None,TEXT,Date of Birth,44,N,NULL,NULL,Case,NULL,\N
45,child[2]FirstName,None,TEXT,First Name,45,N,NULL,NULL,Case,NULL,\N
46,child[2]LastName,None,TEXT,Last Name,46,N,NULL,NULL,Case,NULL,\N
47,child[2]Relationship,None,DROPDOWN,Relationship,47,N,NULL,NULL,Case,NULL,\N
48,child[2]Sex,None,BOOL,Sex,48,N,NULL,NULL,Case,NULL,\N
49,child[2]DOB,None,TEXT,Date of Birth,49,N,NULL,NULL,Case,NULL,\N
50,child[3]FirstName,None,TEXT,First Name,50,N,NULL,NULL,Case,NULL,\N
51,child[3]LastName,None,TEXT,Last Name,51,N,NULL,NULL,Case,NULL,\N
52,child[3]Relationship,None,DROPDOWN,Relationship,52,N,NULL,NULL,Case,NULL,\N
53,child[3]Sex,None,BOOL,Sex,53,N,NULL,NULL,Case,NULL,\N
54,child[3]DOB,None,TEXT,Date of Birth,54,N,NULL,NULL,Case,NULL,\N
55,child[4]FirstName,None,TEXT,First Name,55,N,NULL,NULL,Case,NULL,\N
56,child[4]LastName,None,TEXT,Last Name,56,N,NULL,NULL,Case,NULL,\N
57,child[4]Relationship,None,DROPDOWN,Relationship,57,N,NULL,NULL,Case,NULL,\N
58,child[4]Sex,None,BOOL,Sex,58,N,NULL,NULL,Case,NULL,\N
59,child[4]DOB,None,TEXT,Date of Birth,59,N,NULL,NULL,Case,NULL,\N
60,child[5]FirstName,None,TEXT,First Name,60,N,NULL,NULL,Case,NULL,\N
61,child[5]LastName,None,TEXT,Last Name,61,N,NULL,NULL,Case,NULL,\N
62,child[5]Relationship,None,DROPDOWN,Relationship,62,N,NULL,NULL,Case,NULL,\N
63,child[5]Sex,None,BOOL,Sex,63,N,NULL,NULL,Case,NULL,\N
64,child[5]DOB,None,TEXT,Date of Birth,64,N,NULL,NULL,Case,NULL,\N
65,party1ProPer,None,TEXT,ProPer,65,N,NULL,NULL,Case,NULL,\N
66,party1AttorneyFirstName,None,TEXT,Attorney First Name,66,N,NULL,NULL,Case,NULL,\N
67,party1AttorneyLastName,None,TEXT,Attorney Last Name,67,N,NULL,NULL,Case,NULL,\N
68,party1AttorneyAddressStreet,None,TEXT,Attorney Address Street,68,N,NULL,NULL,Case,NULL,\N
69,party1AttorneyAddressCityState,None,TEXT,Attorney Address City State,69,N,NULL,NULL,Case,NULL,\N
70,party1AttorneyPhone,None,TEXT,Attorney Phone,70,N,NULL,NULL,Case,NULL,\N
71,party1AttorneyFax,None,TEXT,Attorney Fax,71,N,NULL,NULL,Case,NULL,\N
72,party1AttorneyEmail,None,TEXT,Attorney Email,72,N,NULL,NULL,Case,NULL,\N
73,party1AttorneyBarID,None,TEXT,Attorney Bar ID,73,N,NULL,NULL,Case,NULL,\N
74,party2ProPer,None,TEXT,ProPer,74,N,NULL,NULL,Case,NULL,\N
75,party2AttorneyFirstName,None,TEXT,Attorney First Name,75,N,NULL,NULL,Case,NULL,\N
76,party2AttorneyLastName,None,TEXT,Attorney Last Name,76,N,NULL,NULL,Case,NULL,\N
77,party2AttorneyAddressStreet,None,TEXT,Attorney Address Street,77,N,NULL,NULL,Case,NULL,\N
78,party2AttorneyAddressCityState,None,TEXT,Attorney Address City State,78,N,NULL,NULL,Case,NULL,\N
79,party2AttorneyPhone,None,TEXT,Attorney Phone,79,N,NULL,NULL,Case,NULL,\N
80,party2AttorneyFax,None,TEXT,Attorney Fax,80,N,NULL,NULL,Case,NULL,\N
81,party2AttorneyEmail,None,TEXT,Attorney Email,81,N,NULL,NULL,Case,NULL,\N
82,party2AttorneyBarID,None,TEXT,Attorney Bar ID,82,N,NULL,NULL,Case,NULL,\N
83,childrenAttorneyFirstName,None,TEXT,Attorney First Name,83,N,NULL,NULL,Case,NULL,\N
84,childrenAttorneyLastName,None,TEXT,Attorney Last Name,84,N,NULL,NULL,Case,NULL,\N
85,childrenAttorneyAddressStreet,None,TEXT,Attorney Address Street,85,N,NULL,NULL,Case,NULL,\N
86,childrenAttorneyAddressCityState,None,TEXT,Attorney Address City State,86,N,NULL,NULL,Case,NULL,\N
87,childrenAttorneyPhone,None,TEXT,Attorney Phone,87,N,NULL,NULL,Case,NULL,\N
88,childrenAttorneyFax,None,TEXT,Attorney Fax,88,N,NULL,NULL,Case,NULL,\N
89,childrenAttorneyEmail,None,TEXT,Attorney Email,89,N,NULL,NULL,Case,NULL,\N
90,childrenAttorneyBarID,None,TEXT,Attorney Bar ID,90,N,NULL,NULL,Case,NULL,\N
91,witness[1]FirstName,None,TEXT,First Name,91,N,NULL,NULL,Case,NULL,\N
92,witness[1]Last Name,None,TEXT,Last Name,92,N,NULL,NULL,Case,NULL,\N
93,witness[1]For,None,DROPDOWN,Witness For,93,N,NULL,NULL,Case,NULL,\N
94,witness[1]ContactInfo,None,TEXT,Contact Info,94,N,NULL,NULL,Case,NULL,\N
95,witness[2]FirstName,None,TEXT,First Name,95,N,NULL,NULL,Case,NULL,\N
96,witness[2]Last Name,None,TEXT,Last Name,96,N,NULL,NULL,Case,NULL,\N
97,witness[2]For,None,DROPDOWN,Witness For,97,N,NULL,NULL,Case,NULL,\N
98,witness[2]ContactInfo,None,TEXT,Contact Info,98,N,NULL,NULL,Case,NULL,\N
99,witness[3]FirstName,None,TEXT,First Name,99,N,NULL,NULL,Case,NULL,\N
100,witness[3]Last Name,None,TEXT,Last Name,100,N,NULL,NULL,Case,NULL,\N
101,witness[3]For,None,DROPDOWN,Witness For,101,N,NULL,NULL,Case,NULL,\N
102,witness[3]ContactInfo,None,TEXT,Contact Info,102,N,NULL,NULL,Case,NULL,\N
103,witness[4]FirstName,None,TEXT,First Name,103,N,NULL,NULL,Case,NULL,\N
104,witness[4]Last Name,None,TEXT,Last Name,104,N,NULL,NULL,Case,NULL,\N
105,witness[4]For,None,DROPDOWN,Witness For,105,N,NULL,NULL,Case,NULL,\N
106,witness[4]ContactInfo,None,TEXT,Contact Info,106,N,NULL,NULL,Case,NULL,\N
107,interpreterFirstName,None,TEXT,First Name,107,N,NULL,NULL,Case,NULL,\N
108,interpreterLast Name,None,TEXT,Last Name,108,N,NULL,NULL,Case,NULL,\N
109,interpreterLanguage,None,TEXT,Language,109,N,NULL,NULL,Case,NULL,\N
110,relatedCaseNumber_1,None,TEXT,Related Case Number,110,N,NULL,NULL,Case,NULL,\N
111,relatedCaseCounty_1,None,TEXT,County Court,111,N,NULL,NULL,Case,NULL,\N
112,relatedCaseType_1,None,TEXT,Related Case Type,112,N,NULL,NULL,Case,NULL,\N
113,relatedCPOTRO_1,None,BOOL,Related Case CPO/TRO,113,N,NULL,NULL,Case,NULL,\N
114,relatedExpireDate_1,None,TEXT,Related Case Expiration Date,114,N,NULL,NULL,Case,NULL,\N
115,relatedCaseNumber_2,None,TEXT,Related Case Number,115,N,NULL,NULL,Case,NULL,\N
116,relatedCaseCounty_2,None,TEXT,County Court,116,N,NULL,NULL,Case,NULL,\N
117,relatedCaseType_2,None,TEXT,Related Case Type,117,N,NULL,NULL,Case,NULL,\N
118,relatedCPOTRO_2,None,BOOL,Related Case CPO/TRO,118,N,NULL,NULL,Case,NULL,\N
119,relatedExpireDate_2,None,TEXT,Related Case Expiration Date,119,N,NULL,NULL,Case,NULL,\N
120,relatedCaseNumber_3,None,TEXT,Related Case Number,120,N,NULL,NULL,Case,NULL,\N
121,relatedCaseCounty_3,None,TEXT,County Court,121,N,NULL,NULL,Case,NULL,\N
122,relatedCaseType_3,None,TEXT,Related Case Type,122,N,NULL,NULL,Case,NULL,\N
123,relatedCPOTRO_3,None,BOOL,Related Case CPO/TRO,123,N,NULL,NULL,Case,NULL,\N
124,relatedExpireDate_3,None,TEXT,Related Case Expiration Date,124,N,NULL,NULL,Case,NULL,\N
125,relatedCaseNumber_4,None,TEXT,Related Case Number,125,N,NULL,NULL,Case,NULL,\N
126,relatedCaseCounty_4,None,TEXT,County Court,126,N,NULL,NULL,Case,NULL,\N
127,relatedCaseType_4,None,TEXT,Related Case Type,127,N,NULL,NULL,Case,NULL,\N
128,relatedCPOTRO_4,None,BOOL,Related Case CPO/TRO,128,N,NULL,NULL,Case,NULL,\N
129,relatedExpireDate_4,None,TEXT,Related Case Expiration Date,129,N,NULL,NULL,Case,NULL,\N
130,additionalProtectedPersons,CH130,TEXT,NULL,1,N,NULL,N,Court Orders,NULL,\N
131,additionalProtectedPersonsAttach,CH130,TEXT,NULL,2,N,NULL,N,Court Orders,NULL,\N
132,carposAdditonalLEA,CH130,TEXT,NULL,3,N,NULL,N,Court Orders,NULL,\N
133,carposAddress_1,CH130,TEXT,NULL,4,N,NULL,N,Court Orders,NULL,\N
134,carposAddress_2,CH130,TEXT,NULL,5,N,NULL,N,Court Orders,NULL,\N
135,carposDeliverLEAYes,CH130,TEXT,NULL,6,N,NULL,N,Court Orders,NULL,\N
136,carposEnterPOSYes,CH130,TEXT,NULL,7,N,NULL,N,Court Orders,NULL,\N
137,carposLEA_1,CH130,TEXT,NULL,8,N,NULL,N,Court Orders,NULL,\N
138,carposLEA_2,CH130,TEXT,NULL,9,N,NULL,N,Court Orders,NULL,\N
139,carposTransmitPOSYes,CH130,BOOL,NULL,10,N,NULL,N,Court Orders,NULL,\N
140,caseNumber,CH130,TEXT,NULL,11,N,NULL,N,Court Orders,NULL,\N
141,caseNumber2,CH130,TEXT,NULL,12,N,NULL,N,Court Orders,NULL,\N
142,courtName,CH130,TEXT,NULL,13,N,NULL,N,Court Orders,NULL,\N
143,expirationDate,CH130,DATE,NULL,14,N,NULL,N,Court Orders,NULL,\N
144,expirationMidnight,CH130,TEXT,NULL,15,N,NULL,N,Court Orders,NULL,\N
145,expirationTime,CH130,TEXT,NULL,16,N,NULL,N,Court Orders,NULL,\N
146,expirationTimeAM,CH130,TEXT,NULL,17,N,NULL,N,Court Orders,NULL,\N
147,expirationTimePM,CH130,TEXT,NULL,18,N,NULL,N,Court Orders,NULL,\N
148,fireArmYes,CH130,BOOL,NULL,19,N,NULL,N,Court Orders,NULL,\N
149,formClerk,CH130,TEXT,NULL,20,N,NULL,N,Court Orders,NULL,\N
150,formDate,CH130,DATE,NULL,21,N,NULL,N,Court Orders,NULL,\N
151,hearingAdditionalPersonYes,CH130,BOOL,NULL,22,N,NULL,N,Court Orders,NULL,\N
152,hearingContinued,CH130,TEXT,NULL,23,N,NULL,N,Court Orders,NULL,\N
153,hearingContinuedDate,CH130,DATE,NULL,24,N,NULL,N,Court Orders,NULL,\N
154,hearingContinuedTime,CH130,TEXT,NULL,25,N,NULL,N,Court Orders,NULL,\N
155,hearingDate,CH130,DATE,NULL,26,N,NULL,N,Court Orders,NULL,\N
156,hearingDepartment,CH130,TEXT,NULL,27,N,NULL,N,Court Orders,NULL,\N
157,hearingJudicialOfficer,CH130,TEXT,NULL,28,N,NULL,N,Court Orders,NULL,\N
158,hearingLawyer1Name,CH130,TEXT,NULL,29,N,NULL,N,Court Orders,NULL,\N
159,hearingLawyer1Present,CH130,TEXT,NULL,30,N,NULL,N,Court Orders,NULL,\N
160,hearingLawyer2Name,CH130,TEXT,NULL,31,N,NULL,N,Court Orders,NULL,\N
161,hearingLawyer2Present,CH130,TEXT,NULL,32,N,NULL,N,Court Orders,NULL,\N
162,hearingParty1Present,CH130,TEXT,NULL,33,N,NULL,N,Court Orders,NULL,\N
163,hearingParty2Present,CH130,TEXT,NULL,34,N,NULL,N,Court Orders,NULL,\N
164,hearingRoom,CH130,TEXT,NULL,35,N,NULL,N,Court Orders,NULL,\N
165,hearingTime,CH130,TEXT,NULL,36,N,NULL,N,Court Orders,NULL,\N
166,lawyerBarID,CH130,TEXT,NULL,37,N,NULL,N,Court Orders,NULL,\N
167,lawyerFirmName,CH130,TEXT,NULL,38,N,NULL,N,Court Orders,NULL,\N
168,lawyerName,CH130,TEXT,NULL,39,N,NULL,N,Court Orders,NULL,\N
169,lawyersFeesAdditionalYes,CH130,TEXT,NULL,40,N,NULL,N,Court Orders,NULL,\N
170,lawyersFeesAmount_1,CH130,TEXT,NULL,41,N,NULL,N,Court Orders,NULL,\N
171,lawyersFeesAmount_2,CH130,TEXT,NULL,42,N,NULL,N,Court Orders,NULL,\N
172,lawyersFeesAmount_3,CH130,TEXT,NULL,43,N,NULL,N,Court Orders,NULL,\N
173,lawyersFeesAmount_4,CH130,TEXT,NULL,44,N,NULL,N,Court Orders,NULL,\N
174,lawyersFeesCourtYes,CH130,BOOL,NULL,45,N,NULL,N,Court Orders,NULL,\N
175,lawyersFeesItem_1,CH130,TEXT,NULL,46,N,NULL,N,Court Orders,NULL,\N
176,lawyersFeesItem_2,CH130,TEXT,NULL,47,N,NULL,N,Court Orders,NULL,\N
177,lawyersFeesItem_3,CH130,TEXT,NULL,48,N,NULL,N,Court Orders,NULL,\N
178,lawyersFeesItem_4,CH130,TEXT,NULL,49,N,NULL,N,Court Orders,NULL,\N
179,lawyersFeesLawyerYes,CH130,BOOL,NULL,50,N,NULL,N,Court Orders,NULL,\N
180,lawyersFeesPaid,CH130,TEXT,NULL,51,N,NULL,N,Court Orders,NULL,\N
181,lawyersFeesPersonPay,CH130,TEXT,NULL,52,N,NULL,N,Court Orders,NULL,\N
182,lawyersFeesPersonRecieve,CH130,TEXT,NULL,53,N,NULL,N,Court Orders,NULL,\N
183,noticeFooter,CH130,TEXT,NULL,54,N,NULL,N,Court Orders,NULL,\N
184,noticeHeader,CH130,TEXT,NULL,55,N,NULL,N,Court Orders,NULL,\N
185,otherOrdersAdditionalYes,CH130,TEXT,NULL,56,N,NULL,N,Court Orders,NULL,\N
186,otherOrdersDetail,CH130,TEXT,NULL,57,N,NULL,N,Court Orders,NULL,\N
187,otherOrdersYes,CH130,BOOL,NULL,58,N,NULL,N,Court Orders,NULL,\N
188,pagesNumberAttached,CH130,TEXT,NULL,59,N,NULL,N,Court Orders,NULL,\N
189,personalConductContact,CH130,TEXT,NULL,60,N,NULL,N,Court Orders,NULL,\N
190,personalConductHarrass,CH130,TEXT,NULL,61,N,NULL,N,Court Orders,NULL,\N
191,personalConductLocation,CH130,TEXT,NULL,62,N,NULL,N,Court Orders,NULL,\N
192,personalConductOrdersOthersYes,CH130,BOOL,NULL,63,N,NULL,N,Court Orders,NULL,\N
193,personalConductOther,CH130,TEXT,NULL,64,N,NULL,N,Court Orders,NULL,\N
194,personalConductOtherAttach,CH130,TEXT,NULL,65,N,NULL,N,Court Orders,NULL,\N
195,personalConductOtherDetail,CH130,TEXT,NULL,66,N,NULL,N,Court Orders,NULL,\N
196,personalConductYes,CH130,BOOL,NULL,67,N,NULL,N,Court Orders,NULL,\N
197,protectedAddress_1,CH130,TEXT,NULL,68,N,NULL,N,Court Orders,NULL,\N
198,protectedAge_2,CH130,TEXT,NULL,69,N,NULL,N,Court Orders,NULL,\N
199,protectedAge_3,CH130,TEXT,NULL,70,N,NULL,N,Court Orders,NULL,\N
200,protectedCity_1,CH130,TEXT,NULL,71,N,NULL,N,Court Orders,NULL,\N
201,protectedEmail_1,CH130,TEXT,NULL,72,N,NULL,N,Court Orders,NULL,\N
202,protectedFax_1,CH130,TEXT,NULL,73,N,NULL,N,Court Orders,NULL,\N
203,protectedLivesWithYouNo_2,CH130,BOOL,NULL,74,N,NULL,N,Court Orders,NULL,\N
204,protectedLivesWithYouNo_3,CH130,BOOL,NULL,75,N,NULL,N,Court Orders,NULL,\N
205,protectedLivesWithYouYes_2,CH130,BOOL,NULL,76,N,NULL,N,Court Orders,NULL,\N
206,protectedLivesWithYouYes_3,CH130,BOOL,NULL,77,N,NULL,N,Court Orders,NULL,\N
207,protectedName_1,CH130,TEXT,NULL,78,N,NULL,N,Court Orders,NULL,\N
208,protectedName_2,CH130,TEXT,NULL,79,N,NULL,N,Court Orders,NULL,\N
209,protectedName_3,CH130,TEXT,NULL,80,N,NULL,N,Court Orders,NULL,\N
210,protectedRelationship_2,CH130,TEXT,NULL,81,N,NULL,N,Court Orders,NULL,\N
211,protectedRelationship_3,CH130,TEXT,NULL,82,N,NULL,N,Court Orders,NULL,\N
212,protectedSex_2,CH130,TEXT,NULL,83,N,NULL,N,Court Orders,NULL,\N
213,protectedSex_3,CH130,TEXT,NULL,84,N,NULL,N,Court Orders,NULL,\N
214,protectedState_1,CH130,TEXT,NULL,85,N,NULL,N,Court Orders,NULL,\N
215,protectedTelephone_1,CH130,TEXT,NULL,86,N,NULL,N,Court Orders,NULL,\N
216,protectedZip_1,CH130,TEXT,NULL,87,N,NULL,N,Court Orders,NULL,\N
217,restrainedAddress,CH130,TEXT,NULL,88,N,NULL,N,Court Orders,NULL,\N
218,restrainedAge,CH130,TEXT,NULL,89,N,NULL,N,Court Orders,NULL,\N
219,restrainedCity,CH130,TEXT,NULL,90,N,NULL,N,Court Orders,NULL,\N
220,restrainedDOB,CH130,TEXT,NULL,91,N,NULL,N,Court Orders,NULL,\N
221,restrainedEyeColor,CH130,TEXT,NULL,92,N,NULL,N,Court Orders,NULL,\N
222,restrainedHairColor,CH130,TEXT,NULL,93,N,NULL,N,Court Orders,NULL,\N
223,restrainedHeight,CH130,TEXT,NULL,94,N,NULL,N,Court Orders,NULL,\N
224,restrainedName,CH130,TEXT,NULL,95,N,NULL,N,Court Orders,NULL,\N
225,restrainedRace,CH130,TEXT,NULL,96,N,NULL,N,Court Orders,NULL,\N
226,restrainedRelationship,CH130,TEXT,NULL,97,N,NULL,N,Court Orders,NULL,\N
227,restrainedSexF,CH130,BOOL,NULL,98,N,NULL,N,Court Orders,NULL,\N
228,restrainedSexM,CH130,BOOL,NULL,99,N,NULL,N,Court Orders,NULL,\N
229,restrainedState,CH130,TEXT,NULL,100,N,NULL,N,Court Orders,NULL,\N
230,restrainedWeight,CH130,TEXT,NULL,101,N,NULL,N,Court Orders,NULL,\N
231,restrainedZip,CH130,TEXT,NULL,102,N,NULL,N,Court Orders,NULL,\N
232,serviceFeeDate,CH130,DATE,NULL,103,N,NULL,N,Court Orders,NULL,\N
233,serviceFormCH110POSNo,CH130,TEXT,NULL,104,N,NULL,N,Court Orders,NULL,\N
234,serviceFormCH110POSYes,CH130,TEXT,NULL,105,N,NULL,N,Court Orders,NULL,\N
235,serviceNoFee,CH130,TEXT,NULL,106,N,NULL,N,Court Orders,NULL,\N
236,serviceNoFeeViolence,CH130,TEXT,NULL,107,N,NULL,N,Court Orders,NULL,\N
237,serviceNoFeeWaiver,CH130,TEXT,NULL,108,N,NULL,N,Court Orders,NULL,\N
238,serviceOrderPerson2Attend,CH130,TEXT,NULL,109,N,NULL,N,Court Orders,NULL,\N
239,serviceOrderPerson2NoAttend,CH130,TEXT,NULL,110,N,NULL,N,Court Orders,NULL,\N
240,stayAwayOrdersPerson1,CH130,TEXT,NULL,111,N,NULL,N,Court Orders,NULL,\N
241,stayAwayOrdersPerson3,CH130,TEXT,NULL,112,N,NULL,N,Court Orders,NULL,\N
242,stayAwayOrdersPersonChildCare1,CH130,TEXT,NULL,113,N,NULL,N,Court Orders,NULL,\N
243,stayAwayOrdersPersonHome1,CH130,TEXT,NULL,114,N,NULL,N,Court Orders,NULL,\N
244,stayAwayOrdersPersonOther,CH130,TEXT,NULL,115,N,NULL,N,Court Orders,NULL,\N
245,stayAwayOrdersPersonOtherDetail,CH130,TEXT,NULL,116,N,NULL,N,Court Orders,NULL,\N
246,stayAwayOrdersPersonOtherSpecify,CH130,TEXT,NULL,117,N,NULL,N,Court Orders,NULL,\N
247,stayAwayOrdersPersonSchool1,CH130,TEXT,NULL,118,N,NULL,N,Court Orders,NULL,\N
248,stayAwayOrdersPersonVehicle1,CH130,TEXT,NULL,119,N,NULL,N,Court Orders,NULL,\N
249,stayAwayOrdersPersonWork1,CH130,TEXT,NULL,120,N,NULL,N,Court Orders,NULL,\N
250,stayAwayOrdersYes,CH130,TEXT,NULL,121,N,NULL,N,Court Orders,NULL,\N
251,stayWayOrdersYards,CH130,TEXT,NULL,122,N,NULL,N,Court Orders,NULL,\N
252,animalCareDenied,DV110,DROPDOWN,NULL,1,N,Denied\,Granted\,Not Requested,N,Court Orders,NULL,\N
253,animalCareGranted,DV110,DROPDOWN,NULL,2,N,Denied\,Granted\,Not Requested,N,Court Orders,NULL,\N
254,animalCareNotRequested,DV110,DROPDOWN,NULL,3,N,Denied\,Granted\,Not Requested,N,Court Orders,NULL,\N
255,animalDetail,DV110,TEXT,NULL,4,N,NULL,N,Court Orders,NULL,\N
256,animalDistanceYards,DV110,TEXT,NULL,5,N,NULL,N,Court Orders,NULL,\N
257,caseNumber,DV110,TEXT,NULL,6,N,NULL,N,Court Orders,NULL,\N
258,childVisitationDenied,DV110,DROPDOWN,NULL,7,N,Denied\,Granted\,Not Requested,N,Court Orders,NULL,\N
259,childVisitationGranted,DV110,DROPDOWN,NULL,8,N,Denied\,Granted\,Not Requested,N,Court Orders,NULL,\N
260,childVisitationNotRequested,DV110,DROPDOWN,NULL,9,N,Denied\,Granted\,Not Requested,N,Court Orders,NULL,\N
261,courtClerk,DV110,TEXT,NULL,10,N,NULL,N,Court Orders,NULL,\N
262,courtDate,DV110,DATE,NULL,11,N,NULL,N,Court Orders,NULL,\N
263,courtName,DV110,TEXT,NULL,12,N,NULL,N,Court Orders,NULL,\N
264,criminalProtectiveOrderCR160,DV110,TEXT,NULL,13,N,NULL,N,Court Orders,NULL,\N
265,criminalProtectiveOrderCaseNumber,DV110,TEXT,NULL,14,N,NULL,N,Court Orders,NULL,\N
266,criminalProtectiveOrderCounty,DV110,TEXT,NULL,15,N,NULL,N,Court Orders,NULL,\N
267,criminalProtectiveOrderExpireDate,DV110,TEXT,NULL,16,N,NULL,N,Court Orders,NULL,\N
268,criminalProtectiveOrderNoInfo,DV110,TEXT,NULL,17,N,NULL,N,Court Orders,NULL,\N
269,criminalProtectiveOrderYes,DV110,TEXT,NULL,18,N,NULL,N,Court Orders,NULL,\N
270,debtPaymentAmount_1,DV110,TEXT,NULL,19,N,NULL,N,Court Orders,NULL,\N
271,debtPaymentAmount_2,DV110,TEXT,NULL,20,N,NULL,N,Court Orders,NULL,\N
272,debtPaymentDate_1,DV110,DATE,NULL,21,N,NULL,N,Court Orders,NULL,\N
273,debtPaymentDate_2,DV110,DATE,NULL,22,N,NULL,N,Court Orders,NULL,\N
274,debtPaymentDenied,DV110,DROPDOWN,NULL,23,N,Denied\,Granted\,Not Requested,N,Court Orders,NULL,\N
275,debtPaymentGranted,DV110,DROPDOWN,NULL,24,N,Denied\,Granted\,Not Requested,N,Court Orders,NULL,\N
276,debtPaymentItem_1,DV110,TEXT,NULL,25,N,NULL,N,Court Orders,NULL,\N
277,debtPaymentItem_2,DV110,TEXT,NULL,26,N,NULL,N,Court Orders,NULL,\N
278,debtPaymentNotRequested,DV110,DROPDOWN,NULL,27,N,Denied\,Granted\,Not Requested,N,Court Orders,NULL,\N
279,debtPaymentPayTo_1,DV110,TEXT,NULL,28,N,NULL,N,Court Orders,NULL,\N
280,debtPaymentPayTo_2,DV110,TEXT,NULL,29,N,NULL,N,Court Orders,NULL,\N
281,fireArmYes,DV110,TEXT,NULL,30,N,NULL,N,Court Orders,NULL,\N
282,formDate,DV110,DATE,NULL,31,N,NULL,N,Court Orders,NULL,\N
283,hearingDate,DV110,TEXT,NULL,32,N,NULL,N,Court Orders,NULL,\N
284,hearingTime,DV110,TEXT,NULL,33,N,NULL,N,Court Orders,NULL,\N
285,hearingTimeAM,DV110,TEXT,NULL,34,N,NULL,N,Court Orders,NULL,\N
286,hearingTimePM,DV110,TEXT,NULL,35,N,NULL,N,Court Orders,NULL,\N
287,lawyerBarID,DV110,TEXT,NULL,36,N,NULL,N,Court Orders,NULL,\N
288,lawyerFirmName,DV110,TEXT,NULL,37,N,NULL,N,Court Orders,NULL,\N
289,lawyerName,DV110,TEXT,NULL,38,N,NULL,N,Court Orders,NULL,\N
290,moveOutOrderAddress,DV110,TEXT,NULL,39,N,NULL,N,Court Orders,NULL,\N
291,moveOutOrderDenied,DV110,DROPDOWN,NULL,40,N,Denied\,Granted\,Not Requested,N,Court Orders,NULL,\N
292,moveOutOrderGranted,DV110,DROPDOWN,NULL,41,N,Denied\,Granted\,Not Requested,N,Court Orders,NULL,\N
293,moveOutOrderNotRequested,DV110,DROPDOWN,NULL,42,N,Denied\,Granted\,Not Requested,N,Court Orders,NULL,\N
294,noticeFooter,DV110,TEXT,NULL,43,N,NULL,N,Court Orders,NULL,\N
295,noticeHeader,DV110,TEXT,NULL,44,N,NULL,N,Court Orders,NULL,\N
296,otherOrdersAttached,DV110,BOOL,NULL,45,N,NULL,N,Court Orders,NULL,\N
297,otherOrdersDenied,DV110,DROPDOWN,NULL,46,N,Denied\,Granted\,Not Requested,N,Court Orders,NULL,\N
298,otherOrdersDetail,DV110,TEXT,NULL,47,N,NULL,N,Court Orders,NULL,\N
299,otherOrdersGranted,DV110,DROPDOWN,NULL,48,N,Denied\,Granted\,Not Requested,N,Court Orders,NULL,\N
300,otherOrdersNotRequested,DV110,DROPDOWN,NULL,49,N,Denied\,Granted\,Not Requested,N,Court Orders,NULL,\N
301,personalConductOrdersContact,DV110,TEXT,NULL,50,N,NULL,N,Court Orders,NULL,\N
302,personalConductOrdersDenied,DV110,DROPDOWN,NULL,51,N,Denied\,Granted\,Not Requested,N,Court Orders,NULL,\N
303,personalConductOrdersExceptions,DV110,TEXT,NULL,52,N,NULL,N,Court Orders,NULL,\N
304,personalConductOrdersGranted,DV110,DROPDOWN,NULL,53,N,Denied\,Granted\,Not Requested,N,Court Orders,NULL,\N
305,personalConductOrdersHarass,DV110,TEXT,NULL,54,N,NULL,N,Court Orders,NULL,\N
306,personalConductOrdersLocation,DV110,TEXT,NULL,55,N,NULL,N,Court Orders,NULL,\N
307,personalConductOrdersNotRequested,DV110,DROPDOWN,NULL,56,N,Denied\,Granted\,Not Requested,N,Court Orders,NULL,\N
308,personalConductOrdersPerson3,DV110,TEXT,NULL,57,N,NULL,N,Court Orders,NULL,\N
309,propertyControlDenied,DV110,DROPDOWN,NULL,58,N,NULL,N,Court Orders,NULL,\N
310,propertyControlDetail,DV110,TEXT,NULL,59,N,NULL,N,Court Orders,NULL,\N
311,propertyControlGranted,DV110,DROPDOWN,NULL,60,N,Denied\,Granted\,Not Requested,N,Court Orders,NULL,\N
312,propertyControlNotRequested,DV110,DROPDOWN,NULL,61,N,Denied\,Granted\,Not Requested,N,Court Orders,NULL,\N
313,propertyRestraintDenied,DV110,DROPDOWN,NULL,62,N,Denied\,Granted\,Not Requested,N,Court Orders,NULL,\N
314,propertyRestraintGranted,DV110,DROPDOWN,NULL,63,N,Denied\,Granted\,Not Requested,N,Court Orders,NULL,\N
315,propertyRestraintNotRequested,DV110,DROPDOWN,NULL,64,N,Denied\,Granted\,Not Requested,N,Court Orders,NULL,\N
316,propertyRestraintPerson1,DV110,TEXT,NULL,65,N,NULL,N,Court Orders,NULL,\N
317,propertyRestraintPerson2,DV110,TEXT,NULL,66,N,NULL,N,Court Orders,NULL,\N
318,protectedAdditionalAttach,DV110,TEXT,NULL,67,N,NULL,N,Court Orders,NULL,\N
319,protectedAdditionalYes,DV110,TEXT,NULL,68,N,NULL,N,Court Orders,NULL,\N
320,protectedAddress_1,DV110,TEXT,NULL,69,N,NULL,N,Court Orders,NULL,\N
321,protectedAge_2,DV110,TEXT,NULL,70,N,NULL,N,Court Orders,NULL,\N
322,protectedAge_3,DV110,TEXT,NULL,71,N,NULL,N,Court Orders,NULL,\N
323,protectedAge_4,DV110,TEXT,NULL,72,N,NULL,N,Court Orders,NULL,\N
324,protectedCity_1,DV110,TEXT,NULL,73,N,NULL,N,Court Orders,NULL,\N
325,protectedFax_1,DV110,TEXT,NULL,74,N,NULL,N,Court Orders,NULL,\N
326,protectedName_1,DV110,TEXT,NULL,75,N,NULL,N,Court Orders,NULL,\N
327,protectedName_2,DV110,TEXT,NULL,76,N,NULL,N,Court Orders,NULL,\N
328,protectedName_3,DV110,TEXT,NULL,77,N,NULL,N,Court Orders,NULL,\N
329,protectedName_4,DV110,TEXT,NULL,78,N,NULL,N,Court Orders,NULL,\N
330,protectedRelationship_2,DV110,TEXT,NULL,79,N,NULL,N,Court Orders,NULL,\N
331,protectedRelationship_3,DV110,TEXT,NULL,80,N,NULL,N,Court Orders,NULL,\N
332,protectedRelationship_4,DV110,TEXT,NULL,81,N,NULL,N,Court Orders,NULL,\N
333,protectedSex_2,DV110,TEXT,NULL,82,N,NULL,N,Court Orders,NULL,\N
334,protectedSex_3,DV110,TEXT,NULL,83,N,NULL,N,Court Orders,NULL,\N
335,protectedSex_4,DV110,TEXT,NULL,84,N,NULL,N,Court Orders,NULL,\N
336,protectedState_1,DV110,TEXT,NULL,85,N,NULL,N,Court Orders,NULL,\N
337,protectedTelephone_1,DV110,TEXT,NULL,86,N,NULL,N,Court Orders,NULL,\N
338,protectedZip_1,DV110,TEXT,NULL,87,N,NULL,N,Court Orders,NULL,\N
339,protected[0]Email_1,DV110,TEXT,NULL,88,N,NULL,N,Court Orders,NULL,\N
340,recordCommunicationsDenied,DV110,DROPDOWN,NULL,89,N,Denied\,Granted\,Not Requested,N,Court Orders,NULL,\N
341,recordCommunicationsGranted,DV110,DROPDOWN,NULL,90,N,Denied\,Granted\,Not Requested,N,Court Orders,NULL,\N
342,recordCommunicationsNotRequested,DV110,DROPDOWN,NULL,91,N,Denied\,Granted\,Not Requested,N,Court Orders,NULL,\N
343,restrainedAddress,DV110,TEXT,NULL,92,N,NULL,N,Court Orders,NULL,\N
344,restrainedAge,DV110,TEXT,NULL,93,N,NULL,N,Court Orders,NULL,\N
345,restrainedCity,DV110,TEXT,NULL,94,N,NULL,N,Court Orders,NULL,\N
346,restrainedDOB,DV110,TEXT,NULL,95,N,NULL,N,Court Orders,NULL,\N
347,restrainedEyeColor,DV110,TEXT,NULL,96,N,NULL,N,Court Orders,NULL,\N
348,restrainedHairColor,DV110,TEXT,NULL,97,N,NULL,N,Court Orders,NULL,\N
349,restrainedHeight,DV110,TEXT,NULL,98,N,NULL,N,Court Orders,NULL,\N
350,restrainedName,DV110,TEXT,NULL,99,N,NULL,N,Court Orders,NULL,\N
351,restrainedRace,DV110,TEXT,NULL,100,N,NULL,N,Court Orders,NULL,\N
352,restrainedRelationship,DV110,TEXT,NULL,101,N,NULL,N,Court Orders,NULL,\N
353,restrainedSexF,DV110,TEXT,NULL,102,N,NULL,N,Court Orders,NULL,\N
354,restrainedSexM,DV110,TEXT,NULL,103,N,NULL,N,Court Orders,NULL,\N
355,restrainedState,DV110,TEXT,NULL,104,N,NULL,N,Court Orders,NULL,\N
356,restrainedWeight,DV110,TEXT,NULL,105,N,NULL,N,Court Orders,NULL,\N
357,restrainedZip,DV110,TEXT,NULL,106,N,NULL,N,Court Orders,NULL,\N
358,stayAwayOrdersChildCare1,DV110,TEXT,NULL,107,N,NULL,N,Court Orders,NULL,\N
359,stayAwayOrdersDenied,DV110,DROPDOWN,NULL,108,N,Denied\,Granted\,Not Requested,N,Court Orders,NULL,\N
360,stayAwayOrdersException,DV110,TEXT,NULL,109,N,NULL,N,Court Orders,NULL,\N
361,stayAwayOrdersGranted,DV110,DROPDOWN,NULL,110,N,Denied\,Granted\,Not Requested,N,Court Orders,NULL,\N
362,stayAwayOrdersNotRequested,DV110,DROPDOWN,NULL,111,N,Denied\,Granted\,Not Requested,N,Court Orders,NULL,\N
363,stayAwayOrdersOtherDetail1,DV110,TEXT,NULL,112,N,NULL,N,Court Orders,NULL,\N
364,stayAwayOrdersOtherDetail2,DV110,TEXT,NULL,113,N,NULL,N,Court Orders,NULL,\N
365,stayAwayOrdersOtherSpecify,DV110,TEXT,NULL,114,N,NULL,N,Court Orders,NULL,\N
366,stayAwayOrdersPerson1,DV110,TEXT,NULL,115,N,NULL,N,Court Orders,NULL,\N
367,stayAwayOrdersPerson3,DV110,TEXT,NULL,116,N,NULL,N,Court Orders,NULL,\N
368,stayAwayOrdersPersonHome1,DV110,TEXT,NULL,117,N,NULL,N,Court Orders,NULL,\N
369,stayAwayOrdersPersonOther,DV110,TEXT,NULL,118,N,NULL,N,Court Orders,NULL,\N
370,stayAwayOrdersPersonSchool1,DV110,TEXT,NULL,119,N,NULL,N,Court Orders,NULL,\N
371,stayAwayOrdersPersonVehicle1,DV110,TEXT,NULL,120,N,NULL,N,Court Orders,NULL,\N
372,stayAwayOrdersPersonWork1,DV110,TEXT,NULL,121,N,NULL,N,Court Orders,NULL,\N
373,stayAwayOrdersYards,DV110,TEXT,NULL,122,N,NULL,N,Court Orders,NULL,\N
374,caseNumber,DV115,TEXT,NULL,1,N,NULL,N,Court Orders,NULL,\N
375,courtName,DV115,TEXT,NULL,2,N,NULL,N,Court Orders,NULL,\N
376,formDate,DV115,DATE,NULL,3,N,NULL,N,Court Orders,NULL,\N
377,formPartyName,DV115,TEXT,NULL,4,N,NULL,N,Court Orders,NULL,\N
378,hearingDate,DV115,DATE,NULL,5,N,NULL,N,Court Orders,NULL,\N
379,hearingReissueCount,DV115,TEXT,NULL,6,N,NULL,N,Court Orders,NULL,\N
380,lawyerBarID,DV115,TEXT,NULL,7,N,NULL,N,Court Orders,NULL,\N
381,lawyerFirmName,DV115,TEXT,NULL,8,N,NULL,N,Court Orders,NULL,\N
382,lawyerFormDate,DV115,DATE,NULL,9,N,NULL,N,Court Orders,NULL,\N
383,lawyerFormName,DV115,TEXT,NULL,10,N,NULL,N,Court Orders,NULL,\N
384,lawyerName,DV115,TEXT,NULL,11,N,NULL,N,Court Orders,NULL,\N
385,noticeFooter,DV115,TEXT,NULL,12,N,NULL,N,Court Orders,NULL,\N
386,noticeHeader,DV115,TEXT,NULL,13,N,NULL,N,Court Orders,NULL,\N
387,protectedAddress_1,DV115,TEXT,NULL,14,N,NULL,N,Court Orders,NULL,\N
388,protectedCity_1,DV115,TEXT,NULL,15,N,NULL,N,Court Orders,NULL,\N
389,protectedEmail_1,DV115,TEXT,NULL,16,N,NULL,N,Court Orders,NULL,\N
390,protectedFax_1,DV115,TEXT,NULL,17,N,NULL,N,Court Orders,NULL,\N
391,protectedName_1,DV115,TEXT,NULL,18,N,NULL,N,Court Orders,NULL,\N
392,protectedState_1,DV115,TEXT,NULL,19,N,NULL,N,Court Orders,NULL,\N
393,protectedTelephone_1,DV115,TEXT,NULL,20,N,NULL,N,Court Orders,NULL,\N
394,protectedZip_1,DV115,TEXT,NULL,21,N,NULL,N,Court Orders,NULL,\N
395,restrainedAddress,DV115,TEXT,NULL,22,N,NULL,N,Court Orders,NULL,\N
396,restrainedCity,DV115,TEXT,NULL,23,N,NULL,N,Court Orders,NULL,\N
397,restrainedName,DV115,TEXT,NULL,24,N,NULL,N,Court Orders,NULL,\N
398,restrainedState,DV115,TEXT,NULL,25,N,NULL,N,Court Orders,NULL,\N
399,restrainedZip,DV115,TEXT,NULL,26,N,NULL,N,Court Orders,NULL,\N
400,serviceNotPrior,DV115,TEXT,NULL,27,N,NULL,N,Court Orders,NULL,\N
401,serviceOther,DV115,TEXT,NULL,28,N,NULL,N,Court Orders,NULL,\N
402,serviceOtherDetail,DV115,TEXT,NULL,29,N,NULL,N,Court Orders,NULL,\N
403,caseNumber,DV116,TEXT,NULL,1,N,NULL,N,Court Orders,NULL,\N
404,clerkSignature,DV116,TEXT,NULL,2,N,NULL,N,Court Orders,NULL,\N
405,clerkSignatureDate,DV116,DATE,NULL,3,N,NULL,N,Court Orders,NULL,\N
406,courtName,DV116,TEXT,NULL,4,N,NULL,N,Court Orders,NULL,\N
407,formDate,DV116,DATE,NULL,5,N,NULL,N,Court Orders,NULL,\N
408,hearingCourtAddress,DV116,TEXT,NULL,6,N,NULL,N,Court Orders,NULL,\N
409,hearingCourtAddressCityState,DV116,TEXT,NULL,7,N,NULL,N,Court Orders,NULL,\N
410,hearingCourtName,DV116,TEXT,NULL,8,N,NULL,N,Court Orders,NULL,\N
411,hearingDate,DV116,DATE,NULL,9,N,NULL,N,Court Orders,NULL,\N
412,hearingDepartment,DV116,TEXT,NULL,10,N,NULL,N,Court Orders,NULL,\N
413,hearingNotServedPerson2,DV116,TEXT,NULL,11,N,NULL,N,Court Orders,NULL,\N
414,hearingOther,DV116,TEXT,NULL,12,N,NULL,N,Court Orders,NULL,\N
415,hearingOtherDetail1,DV116,TEXT,NULL,13,N,NULL,N,Court Orders,NULL,\N
416,hearingOtherDetail2,DV116,TEXT,NULL,14,N,NULL,N,Court Orders,NULL,\N
417,hearingOtherDetail3,DV116,TEXT,NULL,15,N,NULL,N,Court Orders,NULL,\N
418,hearingReferredFamilyCourtServices,DV116,TEXT,NULL,16,N,NULL,N,Court Orders,NULL,\N
419,hearingRequestTimeHireAttorney,DV116,TEXT,NULL,17,N,NULL,N,Court Orders,NULL,\N
420,hearingRoom,DV116,TEXT,NULL,18,N,NULL,N,Court Orders,NULL,\N
421,hearingTime,DV116,TEXT,NULL,19,N,NULL,N,Court Orders,NULL,\N
422,lawyerAddress,DV116,TEXT,NULL,20,N,NULL,N,Court Orders,NULL,\N
423,lawyerBarID,DV116,TEXT,NULL,21,N,NULL,N,Court Orders,NULL,\N
424,lawyerCity,DV116,TEXT,NULL,22,N,NULL,N,Court Orders,NULL,\N
425,lawyerEmail,DV116,TEXT,NULL,23,N,NULL,N,Court Orders,NULL,\N
426,lawyerFax,DV116,TEXT,NULL,24,N,NULL,N,Court Orders,NULL,\N
427,lawyerFirmName,DV116,TEXT,NULL,25,N,NULL,N,Court Orders,NULL,\N
428,lawyerName,DV116,TEXT,NULL,26,N,NULL,N,Court Orders,NULL,\N
429,lawyerState,DV116,TEXT,NULL,27,N,NULL,N,Court Orders,NULL,\N
430,lawyerTelephone,DV116,TEXT,NULL,28,N,NULL,N,Court Orders,NULL,\N
431,lawyerZip,DV116,TEXT,NULL,29,N,NULL,N,Court Orders,NULL,\N
432,noticeFooter,DV116,TEXT,NULL,30,N,NULL,N,Court Orders,NULL,\N
433,noticeHeader,DV116,TEXT,NULL,31,N,NULL,N,Court Orders,NULL,\N
434,protectedName_1,DV116,TEXT,NULL,32,N,NULL,N,Court Orders,NULL,\N
435,reissueRestrainingOrderDenial,DV116,TEXT,NULL,33,N,NULL,N,Court Orders,NULL,\N
436,reissueRestrainingOrderDenialDetail,DV116,TEXT,NULL,34,N,NULL,N,Court Orders,NULL,\N
437,reissueRestrainingOrderGranted,DV116,TEXT,NULL,35,N,NULL,N,Court Orders,NULL,\N
438,reissueRestrainingOrderNo,DV116,TEXT,NULL,36,N,NULL,N,Court Orders,NULL,\N
439,restrainedName,DV116,TEXT,NULL,37,N,NULL,N,Court Orders,NULL,\N
440,serviceNoFurther,DV116,TEXT,NULL,38,N,NULL,N,Court Orders,NULL,\N
441,serviceOrderPerson1,DV116,TEXT,NULL,39,N,NULL,N,Court Orders,NULL,\N
442,serviceOrderPerson1Days,DV116,TEXT,NULL,40,N,NULL,N,Court Orders,NULL,\N
443,serviceOrderPerson2,DV116,TEXT,NULL,41,N,NULL,N,Court Orders,NULL,\N
444,serviceOrderPerson2Days,DV116,TEXT,NULL,42,N,NULL,N,Court Orders,NULL,\N
445,additionalProtectedYes,DV130,BOOL,NULL,1,N,NULL,N,Court Orders,NULL,\N
446,animalCareYes,DV130,BOOL,NULL,2,N,NULL,N,Court Orders,NULL,\N
447,animalDetail,DV130,TEXT,NULL,3,N,NULL,N,Court Orders,NULL,\N
448,animalDistanceYards,DV130,TEXT,NULL,4,N,NULL,N,Court Orders,NULL,\N
449,attachedPageOrdersDV140,DV130,BOOL,NULL,5,N,NULL,N,Court Orders,NULL,\N
450,attachedPageOrdersDV145,DV130,BOOL,NULL,6,N,NULL,N,Court Orders,NULL,\N
451,attachedPageOrdersDV150,DV130,BOOL,NULL,7,N,NULL,N,Court Orders,NULL,\N
452,attachedPageOrdersDate,DV130,BOOL,NULL,8,N,NULL,N,Court Orders,NULL,\N
453,attachedPageOrdersFL342,DV130,BOOL,NULL,9,N,NULL,N,Court Orders,NULL,\N
454,attachedPageOrdersFL343,DV130,BOOL,NULL,10,N,NULL,N,Court Orders,NULL,\N
455,attachedPageOrdersOther,DV130,BOOL,NULL,11,N,NULL,N,Court Orders,NULL,\N
456,attachedPageOrdersOtherDetail1,DV130,TEXT,NULL,12,N,NULL,N,Court Orders,NULL,\N
457,attachedPageOrdersOtherDetail2,DV130,TEXT,NULL,13,N,NULL,N,Court Orders,NULL,\N
458,attachedPageOrdersPages,DV130,TEXT,NULL,14,N,NULL,N,Court Orders,NULL,\N
459,attachedPageOrdersYes,DV130,BOOL,NULL,15,N,NULL,N,Court Orders,NULL,\N
460,battererInventionYes,DV130,BOOL,NULL,16,N,NULL,N,Court Orders,NULL,\N
461,caseNumber,DV130,TEXT,NULL,17,N,NULL,N,Court Orders,NULL,\N
462,childCustodyOtherForm,DV130,TEXT,NULL,18,N,NULL,N,Court Orders,NULL,\N
463,childCustodyYes,DV130,BOOL,NULL,19,N,NULL,N,Court Orders,NULL,\N
464,childSupportOtherForm,DV130,TEXT,NULL,20,N,NULL,N,Court Orders,NULL,\N
465,childSupportYes,DV130,BOOL,NULL,21,N,NULL,N,Court Orders,NULL,\N
466,clerkDate,DV130,DATE,NULL,22,N,NULL,N,Court Orders,NULL,\N
467,clerkName,DV130,TEXT,NULL,23,N,NULL,N,Court Orders,NULL,\N
468,courtName,DV130,TEXT,NULL,24,N,NULL,N,Court Orders,NULL,\N
469,criminalProtectiveOrderCR160CaseNumber,DV130,TEXT,NULL,25,N,NULL,N,Court Orders,NULL,\N
470,criminalProtectiveOrderCR160County,DV130,TEXT,NULL,26,N,NULL,N,Court Orders,NULL,\N
471,criminalProtectiveOrderCR160Effect,DV130,TEXT,NULL,27,N,NULL,N,Court Orders,NULL,\N
472,criminalProtectiveOrderCR160Expires,DV130,TEXT,NULL,28,N,NULL,N,Court Orders,NULL,\N
473,criminalProtectiveOrderNoInfo,DV130,TEXT,NULL,29,N,NULL,N,Court Orders,NULL,\N
474,criminalProtectiveOrderYes,DV130,BOOL,NULL,30,N,NULL,N,Court Orders,NULL,\N
475,debtPaymentAdditional,DV130,TEXT,NULL,31,N,NULL,N,Court Orders,NULL,\N
476,debtPaymentAmount_1,DV130,TEXT,NULL,32,N,NULL,N,Court Orders,NULL,\N
477,debtPaymentAmount_2,DV130,TEXT,NULL,33,N,NULL,N,Court Orders,NULL,\N
478,debtPaymentAmount_3,DV130,TEXT,NULL,34,N,NULL,N,Court Orders,NULL,\N
479,debtPaymentDate_1,DV130,TEXT,NULL,35,N,NULL,N,Court Orders,NULL,\N
480,debtPaymentDate_2,DV130,TEXT,NULL,36,N,NULL,N,Court Orders,NULL,\N
481,debtPaymentDate_3,DV130,TEXT,NULL,37,N,NULL,N,Court Orders,NULL,\N
482,debtPaymentItem_1,DV130,TEXT,NULL,38,N,NULL,N,Court Orders,NULL,\N
483,debtPaymentItem_2,DV130,TEXT,NULL,39,N,NULL,N,Court Orders,NULL,\N
484,debtPaymentItem_3,DV130,TEXT,NULL,40,N,NULL,N,Court Orders,NULL,\N
485,debtPaymentPayTo_1,DV130,TEXT,NULL,41,N,NULL,N,Court Orders,NULL,\N
486,debtPaymentPayTo_2,DV130,TEXT,NULL,42,N,NULL,N,Court Orders,NULL,\N
487,debtPaymentPayTo_3,DV130,TEXT,NULL,43,N,NULL,N,Court Orders,NULL,\N
488,debtPaymentYes,DV130,BOOL,NULL,44,N,NULL,N,Court Orders,NULL,\N
489,expirationDate,DV130,DATE,NULL,45,N,NULL,N,Court Orders,NULL,\N
490,expirationTime,DV130,TEXT,NULL,46,N,NULL,N,Court Orders,NULL,\N
491,expirationTimeAM,DV130,TEXT,NULL,47,N,NULL,N,Court Orders,NULL,\N
492,expirationTimeMidnight,DV130,TEXT,NULL,48,N,NULL,N,Court Orders,NULL,\N
493,expirationTimePM,DV130,TEXT,NULL,49,N,NULL,N,Court Orders,NULL,\N
494,hearingContinued,DV130,TEXT,NULL,50,N,NULL,N,Court Orders,NULL,\N
495,hearingDate,DV130,DATE,NULL,51,N,NULL,N,Court Orders,NULL,\N
496,hearingJudicialOfficer,DV130,TEXT,NULL,52,N,NULL,N,Court Orders,NULL,\N
497,hearingLawyer1Name,DV130,TEXT,NULL,53,N,NULL,N,Court Orders,NULL,\N
498,hearingLawyer1Present,DV130,TEXT,NULL,54,N,NULL,N,Court Orders,NULL,\N
499,hearingLawyer2Name,DV130,TEXT,NULL,55,N,NULL,N,Court Orders,NULL,\N
500,hearingLawyer2Present,DV130,TEXT,NULL,56,N,NULL,N,Court Orders,NULL,\N
501,hearingParty1Present,DV130,TEXT,NULL,57,N,NULL,N,Court Orders,NULL,\N
502,hearingParty2Present,DV130,TEXT,NULL,58,N,NULL,N,Court Orders,NULL,\N
503,hearingReturnDate,DV130,TEXT,NULL,59,N,NULL,N,Court Orders,NULL,\N
504,hearingReturnIssue,DV130,TEXT,NULL,60,N,NULL,N,Court Orders,NULL,\N
505,hearingReturnIssue2,DV130,TEXT,NULL,61,N,NULL,N,Court Orders,NULL,\N
506,hearingReturnTime,DV130,TEXT,NULL,62,N,NULL,N,Court Orders,NULL,\N
507,hearingReturnTimeAM,DV130,TEXT,NULL,63,N,NULL,N,Court Orders,NULL,\N
508,hearingReturnTimePM,DV130,TEXT,NULL,64,N,NULL,N,Court Orders,NULL,\N
509,lawyerAddress,DV130,TEXT,NULL,65,N,NULL,N,Court Orders,NULL,\N
510,lawyerBarID,DV130,TEXT,NULL,66,N,NULL,N,Court Orders,NULL,\N
511,lawyerCity,DV130,TEXT,NULL,67,N,NULL,N,Court Orders,NULL,\N
512,lawyerEmail,DV130,TEXT,NULL,68,N,NULL,N,Court Orders,NULL,\N
513,lawyerFax,DV130,TEXT,NULL,69,N,NULL,N,Court Orders,NULL,\N
514,lawyerFirmName,DV130,TEXT,NULL,70,N,NULL,N,Court Orders,NULL,\N
515,lawyerName,DV130,TEXT,NULL,71,N,NULL,N,Court Orders,NULL,\N
516,lawyerState,DV130,TEXT,NULL,72,N,NULL,N,Court Orders,NULL,\N
517,lawyerTelephone,DV130,TEXT,NULL,73,N,NULL,N,Court Orders,NULL,\N
518,lawyerZip,DV130,TEXT,NULL,74,N,NULL,N,Court Orders,NULL,\N
519,lawyersFeesAmount_1,DV130,TEXT,NULL,75,N,NULL,N,Court Orders,NULL,\N
520,lawyersFeesAmount_2,DV130,TEXT,NULL,76,N,NULL,N,Court Orders,NULL,\N
521,lawyersFeesDueDate_1,DV130,DATE,NULL,77,N,NULL,N,Court Orders,NULL,\N
522,lawyersFeesDueDate_2,DV130,DATE,NULL,78,N,NULL,N,Court Orders,NULL,\N
523,lawyersFeesItem_1,DV130,TEXT,NULL,79,N,NULL,N,Court Orders,NULL,\N
524,lawyersFeesItem_2,DV130,TEXT,NULL,80,N,NULL,N,Court Orders,NULL,\N
525,lawyersFeesPayTo_1,DV130,TEXT,NULL,81,N,NULL,N,Court Orders,NULL,\N
526,lawyersFeesPayTo_2,DV130,TEXT,NULL,82,N,NULL,N,Court Orders,NULL,\N
527,lawyersFeesYes,DV130,TEXT,NULL,83,N,NULL,N,Court Orders,NULL,\N
528,moveOutOrderAddress,DV130,TEXT,NULL,84,N,NULL,N,Court Orders,NULL,\N
529,moveOutOrderAddress2,DV130,TEXT,NULL,85,N,NULL,N,Court Orders,NULL,\N
530,moveOutOrderYes,DV130,TEXT,NULL,86,N,NULL,N,Court Orders,NULL,\N
531,noticeFooter,DV130,TEXT,NULL,87,N,NULL,N,Court Orders,NULL,\N
532,noticeHeader,DV130,TEXT,NULL,88,N,NULL,N,Court Orders,NULL,\N
533,otherOrdersDetail,DV130,TEXT,NULL,89,N,NULL,N,Court Orders,NULL,\N
534,otherOrdersYes,DV130,BOOL,NULL,90,N,NULL,N,Court Orders,NULL,\N
535,paymentsServicesAdditionalOrders,DV130,TEXT,NULL,91,N,NULL,N,Court Orders,NULL,\N
536,paymentsServicesAmount_1,DV130,TEXT,NULL,92,N,NULL,N,Court Orders,NULL,\N
537,paymentsServicesAmount_2,DV130,TEXT,NULL,93,N,NULL,N,Court Orders,NULL,\N
538,paymentsServicesAmount_3,DV130,TEXT,NULL,94,N,NULL,N,Court Orders,NULL,\N
539,paymentsServicesDueDate_1,DV130,TEXT,NULL,95,N,NULL,N,Court Orders,NULL,\N
540,paymentsServicesDueDate_2,DV130,TEXT,NULL,96,N,NULL,N,Court Orders,NULL,\N
541,paymentsServicesDueDate_3,DV130,TEXT,NULL,97,N,NULL,N,Court Orders,NULL,\N
542,paymentsServicesItem_1,DV130,TEXT,NULL,98,N,NULL,N,Court Orders,NULL,\N
543,paymentsServicesItem_2,DV130,TEXT,NULL,99,N,NULL,N,Court Orders,NULL,\N
544,paymentsServicesItem_3,DV130,TEXT,NULL,100,N,NULL,N,Court Orders,NULL,\N
545,paymentsServicesPayTo_1,DV130,TEXT,NULL,101,N,NULL,N,Court Orders,NULL,\N
546,paymentsServicesPayTo_2,DV130,TEXT,NULL,102,N,NULL,N,Court Orders,NULL,\N
547,paymentsServicesPayTo_3,DV130,TEXT,NULL,103,N,NULL,N,Court Orders,NULL,\N
548,paymentsServicesYes,DV130,BOOL,NULL,104,N,NULL,N,Court Orders,NULL,\N
549,personalConductContact,DV130,TEXT,NULL,105,N,NULL,N,Court Orders,NULL,\N
550,personalConductException,DV130,TEXT,NULL,106,N,NULL,N,Court Orders,NULL,\N
551,personalConductHarass,DV130,TEXT,NULL,107,N,NULL,N,Court Orders,NULL,\N
552,personalConductLocation,DV130,TEXT,NULL,108,N,NULL,N,Court Orders,NULL,\N
553,personalConductOrdersYes,DV130,BOOL,NULL,109,N,NULL,N,Court Orders,NULL,\N
554,propertyControlDetail1,DV130,TEXT,NULL,110,N,NULL,N,Court Orders,NULL,\N
555,propertyControlDetail2,DV130,TEXT,NULL,111,N,NULL,N,Court Orders,NULL,\N
556,propertyControlYes,DV130,BOOL,NULL,112,N,NULL,N,Court Orders,NULL,\N
557,propertyRestraintPerson1,DV130,TEXT,NULL,113,N,NULL,N,Court Orders,NULL,\N
558,propertyRestraintPerson2,DV130,TEXT,NULL,114,N,NULL,N,Court Orders,NULL,\N
559,propertyRestraintYes,DV130,BOOL,NULL,115,N,NULL,N,Court Orders,NULL,\N
560,protectedAdditionalAttachYes,DV130,BOOL,NULL,116,N,NULL,N,Court Orders,NULL,\N
561,protectedAge_2,DV130,TEXT,NULL,117,N,NULL,N,Court Orders,NULL,\N
562,protectedAge_3,DV130,TEXT,NULL,118,N,NULL,N,Court Orders,NULL,\N
563,protectedAge_4,DV130,TEXT,NULL,119,N,NULL,N,Court Orders,NULL,\N
564,protectedName_1,DV130,TEXT,NULL,120,N,NULL,N,Court Orders,NULL,\N
565,protectedName_2,DV130,TEXT,NULL,121,N,NULL,N,Court Orders,NULL,\N
566,protectedName_3,DV130,TEXT,NULL,122,N,NULL,N,Court Orders,NULL,\N
567,protectedName_4,DV130,TEXT,NULL,123,N,NULL,N,Court Orders,NULL,\N
568,protectedRelationship_2,DV130,TEXT,NULL,124,N,NULL,N,Court Orders,NULL,\N
569,protectedRelationship_3,DV130,TEXT,NULL,125,N,NULL,N,Court Orders,NULL,\N
570,protectedRelationship_4,DV130,TEXT,NULL,126,N,NULL,N,Court Orders,NULL,\N
571,protectedSex_2,DV130,TEXT,NULL,127,N,NULL,N,Court Orders,NULL,\N
572,protectedSex_3,DV130,TEXT,NULL,128,N,NULL,N,Court Orders,NULL,\N
573,protectedSex_4,DV130,TEXT,NULL,129,N,NULL,N,Court Orders,NULL,\N
574,recordCommunicationsYes,DV130,BOOL,NULL,130,N,NULL,N,Court Orders,NULL,\N
575,restrainedAddress,DV130,TEXT,NULL,131,N,NULL,N,Court Orders,NULL,\N
576,restrainedAge,DV130,TEXT,NULL,132,N,NULL,N,Court Orders,NULL,\N
577,restrainedCity,DV130,TEXT,NULL,133,N,NULL,N,Court Orders,NULL,\N
578,restrainedDOB,DV130,TEXT,NULL,134,N,NULL,N,Court Orders,NULL,\N
579,restrainedEyeColor,DV130,TEXT,NULL,135,N,NULL,N,Court Orders,NULL,\N
580,restrainedHairColor,DV130,TEXT,NULL,136,N,NULL,N,Court Orders,NULL,\N
581,restrainedHeight,DV130,TEXT,NULL,137,N,NULL,N,Court Orders,NULL,\N
582,restrainedName,DV130,TEXT,NULL,138,N,NULL,N,Court Orders,NULL,\N
583,restrainedRace,DV130,TEXT,NULL,139,N,NULL,N,Court Orders,NULL,\N
584,restrainedRelationship,DV130,TEXT,NULL,140,N,NULL,N,Court Orders,NULL,\N
585,restrainedSexF,DV130,TEXT,NULL,141,N,NULL,N,Court Orders,NULL,\N
586,restrainedSexM,DV130,TEXT,NULL,142,N,NULL,N,Court Orders,NULL,\N
587,restrainedState,DV130,TEXT,NULL,143,N,NULL,N,Court Orders,NULL,\N
588,restrainedWeight,DV130,TEXT,NULL,144,N,NULL,N,Court Orders,NULL,\N
589,restrainedZip,DV130,TEXT,NULL,145,N,NULL,N,Court Orders,NULL,\N
590,serviceBothPresent,DV130,TEXT,NULL,146,N,NULL,N,Court Orders,NULL,\N
591,servicePOSDifferentDV110,DV130,TEXT,NULL,147,N,NULL,N,Court Orders,NULL,\N
592,servicePOSSameDV110,DV130,TEXT,NULL,148,N,NULL,N,Court Orders,NULL,\N
593,servicePerson1Present,DV130,TEXT,NULL,149,N,NULL,N,Court Orders,NULL,\N
594,spousalSupportOtherForm,DV130,TEXT,NULL,150,N,NULL,N,Court Orders,NULL,\N
595,spousalSupportYes,DV130,BOOL,NULL,151,N,NULL,N,Court Orders,NULL,\N
596,stayAwayOrdersChildCare1,DV130,TEXT,NULL,152,N,NULL,N,Court Orders,NULL,\N
597,stayAwayOrdersException,DV130,TEXT,NULL,153,N,NULL,N,Court Orders,NULL,\N
598,stayAwayOrdersOther,DV130,TEXT,NULL,154,N,NULL,N,Court Orders,NULL,\N
599,stayAwayOrdersOtherDetail,DV130,TEXT,NULL,155,N,NULL,N,Court Orders,NULL,\N
600,stayAwayOrdersOtherSpecify,DV130,TEXT,NULL,156,N,NULL,N,Court Orders,NULL,\N
601,stayAwayOrdersPerson1,DV130,TEXT,NULL,157,N,NULL,N,Court Orders,NULL,\N
602,stayAwayOrdersPerson3,DV130,TEXT,NULL,158,N,NULL,N,Court Orders,NULL,\N
603,stayAwayOrdersPersonHome1,DV130,TEXT,NULL,159,N,NULL,N,Court Orders,NULL,\N
604,stayAwayOrdersPersonWork1,DV130,TEXT,NULL,160,N,NULL,N,Court Orders,NULL,\N
605,stayAwayOrdersSchool1,DV130,TEXT,NULL,161,N,NULL,N,Court Orders,NULL,\N
606,stayAwayOrdersVehicle1,DV130,TEXT,NULL,162,N,NULL,N,Court Orders,NULL,\N
607,stayAwayOrdersYards,DV130,TEXT,NULL,163,N,NULL,N,Court Orders,NULL,\N
608,stayAwayOrdersYes,DV130,BOOL,NULL,164,N,NULL,N,Court Orders,NULL,\N
609,caseNumber,DV140,TEXT,NULL,1,N,NULL,N,Court Orders,NULL,\N
610,childAbuctionOrdersDV145,DV140,TEXT,NULL,2,N,NULL,N,Court Orders,NULL,\N
611,childAbuctionYes,DV140,BOOL,NULL,3,N,NULL,N,Court Orders,NULL,\N
612,childAdditionalAttachYes,DV140,BOOL,NULL,4,N,NULL,N,Court Orders,NULL,\N
613,childAdditionalDetail,DV140,TEXT,NULL,5,N,NULL,N,Court Orders,NULL,\N
614,childCustodyOrdersYes,DV140,BOOL,NULL,6,N,NULL,N,Court Orders,NULL,\N
615,childDOB_1,DV140,TEXT,NULL,7,N,NULL,N,Court Orders,NULL,\N
616,childDOB_2,DV140,TEXT,NULL,8,N,NULL,N,Court Orders,NULL,\N
617,childDOB_3,DV140,TEXT,NULL,9,N,NULL,N,Court Orders,NULL,\N
618,childLegalDad_1,DV140,TEXT,NULL,10,N,NULL,N,Court Orders,NULL,\N
619,childLegalDad_2,DV140,TEXT,NULL,11,N,NULL,N,Court Orders,NULL,\N
620,childLegalDad_3,DV140,TEXT,NULL,12,N,NULL,N,Court Orders,NULL,\N
621,childLegalMom_1,DV140,TEXT,NULL,13,N,NULL,N,Court Orders,NULL,\N
622,childLegalMom_2,DV140,TEXT,NULL,14,N,NULL,N,Court Orders,NULL,\N
623,childLegalMom_3,DV140,TEXT,NULL,15,N,NULL,N,Court Orders,NULL,\N
624,childLegalOther_1,DV140,TEXT,NULL,16,N,NULL,N,Court Orders,NULL,\N
625,childLegalOther_2,DV140,TEXT,NULL,17,N,NULL,N,Court Orders,NULL,\N
626,childLegalOther_3,DV140,TEXT,NULL,18,N,NULL,N,Court Orders,NULL,\N
627,childName_1,DV140,TEXT,NULL,19,N,NULL,N,Court Orders,NULL,\N
628,childName_2,DV140,TEXT,NULL,20,N,NULL,N,Court Orders,NULL,\N
629,childName_3,DV140,TEXT,NULL,21,N,NULL,N,Court Orders,NULL,\N
630,childPhysicalDad_1,DV140,TEXT,NULL,22,N,NULL,N,Court Orders,NULL,\N
631,childPhysicalDad_2,DV140,TEXT,NULL,23,N,NULL,N,Court Orders,NULL,\N
632,childPhysicalDad_3,DV140,TEXT,NULL,24,N,NULL,N,Court Orders,NULL,\N
633,childPhysicalMom_1,DV140,TEXT,NULL,25,N,NULL,N,Court Orders,NULL,\N
634,childPhysicalMom_2,DV140,TEXT,NULL,26,N,NULL,N,Court Orders,NULL,\N
635,childPhysicalMom_3,DV140,TEXT,NULL,27,N,NULL,N,Court Orders,NULL,\N
636,childPhysicalOther_1,DV140,TEXT,NULL,28,N,NULL,N,Court Orders,NULL,\N
637,childPhysicalOther_2,DV140,TEXT,NULL,29,N,NULL,N,Court Orders,NULL,\N
638,childPhysicalOther_3,DV140,TEXT,NULL,30,N,NULL,N,Court Orders,NULL,\N
639,childVisitationAttachDetail,DV140,TEXT,NULL,31,N,NULL,N,Court Orders,NULL,\N
640,childVisitationAttachPages,DV140,TEXT,NULL,32,N,NULL,N,Court Orders,NULL,\N
641,childVisitationAttachYes,DV140,BOOL,NULL,33,N,NULL,N,Court Orders,NULL,\N
642,childVisitationForDad,DV140,TEXT,NULL,34,N,NULL,N,Court Orders,NULL,\N
643,childVisitationForMom,DV140,TEXT,NULL,35,N,NULL,N,Court Orders,NULL,\N
644,childVisitationForOther,DV140,TEXT,NULL,36,N,NULL,N,Court Orders,NULL,\N
645,childVisitationForOtherDetail,DV140,TEXT,NULL,37,N,NULL,N,Court Orders,NULL,\N
646,childVisitationMediationLocation,DV140,TEXT,NULL,38,N,NULL,N,Court Orders,NULL,\N
647,childVisitationMediationYes,DV140,BOOL,NULL,39,N,NULL,N,Court Orders,NULL,\N
648,childVisitationNo,DV140,TEXT,NULL,40,N,NULL,N,Court Orders,NULL,\N
649,childVisitationNoDad,DV140,TEXT,NULL,41,N,NULL,N,Court Orders,NULL,\N
650,childVisitationNoMom,DV140,TEXT,NULL,42,N,NULL,N,Court Orders,NULL,\N
651,childVisitationNoOther,DV140,TEXT,NULL,43,N,NULL,N,Court Orders,NULL,\N
652,childVisitationNoOtherDetail,DV140,TEXT,NULL,44,N,NULL,N,Court Orders,NULL,\N
653,childVisitationOrdersYes,DV140,BOOL,NULL,45,N,NULL,N,Court Orders,NULL,\N
654,childVisitationOtherYes,DV140,BOOL,NULL,46,N,NULL,N,Court Orders,NULL,\N
655,childVisitationPermitted,DV140,TEXT,NULL,47,N,NULL,N,Court Orders,NULL,\N
656,childVisitationWeekdayFromDay,DV140,TEXT,NULL,48,N,NULL,N,Court Orders,NULL,\N
657,childVisitationWeekdayFromTime,DV140,TEXT,NULL,49,N,NULL,N,Court Orders,NULL,\N
658,childVisitationWeekdayFromTimeAM,DV140,TEXT,NULL,50,N,NULL,N,Court Orders,NULL,\N
659,childVisitationWeekdayFromTimePM,DV140,TEXT,NULL,51,N,NULL,N,Court Orders,NULL,\N
660,childVisitationWeekdayStartDate,DV140,TEXT,NULL,52,N,NULL,N,Court Orders,NULL,\N
661,childVisitationWeekdayToDay,DV140,TEXT,NULL,53,N,NULL,N,Court Orders,NULL,\N
662,childVisitationWeekdayToTime,DV140,TEXT,NULL,54,N,NULL,N,Court Orders,NULL,\N
663,childVisitationWeekdayToTimeAM,DV140,TEXT,NULL,55,N,NULL,N,Court Orders,NULL,\N
664,childVisitationWeekdayToTimePM,DV140,TEXT,NULL,56,N,NULL,N,Court Orders,NULL,\N
665,childVisitationWeekdayYes,DV140,BOOL,NULL,57,N,NULL,N,Court Orders,NULL,\N
666,childVisitationWeekend1Month,DV140,TEXT,NULL,58,N,NULL,N,Court Orders,NULL,\N
667,childVisitationWeekend2Month,DV140,TEXT,NULL,59,N,NULL,N,Court Orders,NULL,\N
668,childVisitationWeekend3Month,DV140,TEXT,NULL,60,N,NULL,N,Court Orders,NULL,\N
669,childVisitationWeekend4Month,DV140,TEXT,NULL,61,N,NULL,N,Court Orders,NULL,\N
670,childVisitationWeekend5Month,DV140,TEXT,NULL,62,N,NULL,N,Court Orders,NULL,\N
671,childVisitationWeekendFromDay,DV140,TEXT,NULL,63,N,NULL,N,Court Orders,NULL,\N
672,childVisitationWeekendFromTime,DV140,TEXT,NULL,64,N,NULL,N,Court Orders,NULL,\N
673,childVisitationWeekendFromTimeAM,DV140,TEXT,NULL,65,N,NULL,N,Court Orders,NULL,\N
674,childVisitationWeekendFromTimePM,DV140,TEXT,NULL,66,N,NULL,N,Court Orders,NULL,\N
675,childVisitationWeekendStartDate,DV140,DATE,NULL,67,N,NULL,N,Court Orders,NULL,\N
676,childVisitationWeekendToDay,DV140,TEXT,NULL,68,N,NULL,N,Court Orders,NULL,\N
677,childVisitationWeekendToTime,DV140,TEXT,NULL,69,N,NULL,N,Court Orders,NULL,\N
678,childVisitationWeekendToTimeAM,DV140,TEXT,NULL,70,N,NULL,N,Court Orders,NULL,\N
679,childVisitationWeekendToTimePM,DV140,TEXT,NULL,71,N,NULL,N,Court Orders,NULL,\N
680,childVisitationWeekendYes,DV140,BOOL,NULL,72,N,NULL,N,Court Orders,NULL,\N
681,countyResidenceOther,DV140,TEXT,NULL,73,N,NULL,N,Court Orders,NULL,\N
682,countyResidenceOtherDetail,DV140,TEXT,NULL,74,N,NULL,N,Court Orders,NULL,\N
683,countyResidenceUSA,DV140,TEXT,NULL,75,N,NULL,N,Court Orders,NULL,\N
684,formAttachDV110,DV140,BOOL,NULL,76,N,NULL,N,Court Orders,NULL,\N
685,formAttachDV130,DV140,BOOL,NULL,77,N,NULL,N,Court Orders,NULL,\N
686,noticeFooter,DV140,TEXT,NULL,78,N,NULL,N,Court Orders,NULL,\N
687,noticeHeader,DV140,TEXT,NULL,79,N,NULL,N,Court Orders,NULL,\N
688,otherOrdersYes,DV140,BOOL,NULL,80,N,NULL,N,Court Orders,NULL,\N
689,otherParentMom,DV140,TEXT,NULL,81,N,NULL,N,Court Orders,NULL,\N
690,otherParentName,DV140,TEXT,NULL,82,N,NULL,N,Court Orders,NULL,\N
691,otherParentOther,DV140,TEXT,NULL,83,N,NULL,N,Court Orders,NULL,\N
692,otherParentOtherDetail,DV140,TEXT,NULL,84,N,NULL,N,Court Orders,NULL,\N
693,otherParnetDad,DV140,TEXT,NULL,85,N,NULL,N,Court Orders,NULL,\N
694,protectedChildDad,DV140,TEXT,NULL,86,N,NULL,N,Court Orders,NULL,\N
695,protectedChildMom,DV140,TEXT,NULL,87,N,NULL,N,Court Orders,NULL,\N
696,protectedChildOther,DV140,TEXT,NULL,88,N,NULL,N,Court Orders,NULL,\N
697,protectedName_1,DV140,TEXT,NULL,89,N,NULL,N,Court Orders,NULL,\N
698,supervisedVisitationYes,DV140,BOOL,NULL,90,N,NULL,N,Court Orders,NULL,\N
699,transportationVisitationDropOffAddress,DV140,TEXT,NULL,91,N,NULL,N,Court Orders,NULL,\N
700,transportationVisitationDropOffYes,DV140,BOOL,NULL,92,N,NULL,N,Court Orders,NULL,\N
701,transportationVisitationPickupDad,DV140,TEXT,NULL,93,N,NULL,N,Court Orders,NULL,\N
702,transportationVisitationPickupMom,DV140,TEXT,NULL,94,N,NULL,N,Court Orders,NULL,\N
703,transportationVisitationPickupOther,DV140,TEXT,NULL,95,N,NULL,N,Court Orders,NULL,\N
704,transportationVisitationPickupOtherDetail,DV140,TEXT,NULL,96,N,NULL,N,Court Orders,NULL,\N
705,transportationVisitationTakeDad,DV140,TEXT,NULL,97,N,NULL,N,Court Orders,NULL,\N
706,transportationVisitationTakeMom,DV140,TEXT,NULL,98,N,NULL,N,Court Orders,NULL,\N
707,transportationVisitationTakeOther,DV140,TEXT,NULL,99,N,NULL,N,Court Orders,NULL,\N
708,transportationVisitationTakeOtherDetail,DV140,TEXT,NULL,100,N,NULL,N,Court Orders,NULL,\N
709,transportationVisitationYes,DV140,BOOL,NULL,101,N,NULL,N,Court Orders,NULL,\N
710,travelChildrenOutsideCalifornia,DV140,TEXT,NULL,102,N,NULL,N,Court Orders,NULL,\N
711,travelChildrenOutsideOther,DV140,TEXT,NULL,103,N,NULL,N,Court Orders,NULL,\N
712,travelChildrenOutsideOtherDetail,DV140,TEXT,NULL,104,N,NULL,N,Court Orders,NULL,\N
713,travelChildrenOutsideUSA,DV140,TEXT,NULL,105,N,NULL,N,Court Orders,NULL,\N
714,travelChildrenPermissionDad,DV140,TEXT,NULL,106,N,NULL,N,Court Orders,NULL,\N
715,travelChildrenPermissionMom,DV140,TEXT,NULL,107,N,NULL,N,Court Orders,NULL,\N
716,travelChildrenPermissionOther,DV140,TEXT,NULL,108,N,NULL,N,Court Orders,NULL,\N
717,travelChildrenPermissionOtherDetail,DV140,TEXT,NULL,109,N,NULL,N,Court Orders,NULL,\N
718,travelChildrenYes,DV140,BOOL,NULL,110,N,NULL,N,Court Orders,NULL,\N
719,caseNumber,DV150,TEXT,NULL,1,N,NULL,N,Court Orders,NULL,\N
720,contactProviderDad,DV150,TEXT,NULL,2,N,NULL,N,Court Orders,NULL,\N
721,contactProviderDadDate,DV150,DATE,NULL,3,N,NULL,N,Court Orders,NULL,\N
722,contactProviderMom,DV150,TEXT,NULL,4,N,NULL,N,Court Orders,NULL,\N
723,contactProviderMomDate,DV150,DATE,NULL,5,N,NULL,N,Court Orders,NULL,\N
724,contactProviderOther,DV150,TEXT,NULL,6,N,NULL,N,Court Orders,NULL,\N
725,contactProviderOtherDetail,DV150,TEXT,NULL,7,N,NULL,N,Court Orders,NULL,\N
726,costsDad,DV150,TEXT,NULL,8,N,NULL,N,Court Orders,NULL,\N
727,costsDadPercent,DV150,TEXT,NULL,9,N,NULL,N,Court Orders,NULL,\N
728,costsMom,DV150,TEXT,NULL,10,N,NULL,N,Court Orders,NULL,\N
729,costsMomPercent,DV150,TEXT,NULL,11,N,NULL,N,Court Orders,NULL,\N
730,costsOther,DV150,TEXT,NULL,12,N,NULL,N,Court Orders,NULL,\N
731,costsOtherDetail,DV150,TEXT,NULL,13,N,NULL,N,Court Orders,NULL,\N
732,exchangesChildrenSupervised,DV150,TEXT,NULL,14,N,NULL,N,Court Orders,NULL,\N
733,formAttachedDV110,DV150,BOOL,NULL,15,N,NULL,N,Court Orders,NULL,\N
734,formAttachedDV130,DV150,BOOL,NULL,16,N,NULL,N,Court Orders,NULL,\N
735,formAttachedDV140,DV150,BOOL,NULL,17,N,NULL,N,Court Orders,NULL,\N
736,mediationLocation,DV150,TEXT,NULL,18,N,NULL,N,Court Orders,NULL,\N
737,mediationYes,DV150,BOOL,NULL,19,N,NULL,N,Court Orders,NULL,\N
738,noticeFooter,DV150,TEXT,NULL,20,N,NULL,N,Court Orders,NULL,\N
739,noticeHeader,DV150,TEXT,NULL,21,N,NULL,N,Court Orders,NULL,\N
740,otherCourtOrders,DV150,TEXT,NULL,22,N,NULL,N,Court Orders,NULL,\N
741,otherParentDad,DV150,TEXT,NULL,23,N,NULL,N,Court Orders,NULL,\N
742,otherParentMom,DV150,TEXT,NULL,24,N,NULL,N,Court Orders,NULL,\N
743,otherParentName,DV150,TEXT,NULL,25,N,NULL,N,Court Orders,NULL,\N
744,otherParentOther,DV150,TEXT,NULL,26,N,NULL,N,Court Orders,NULL,\N
745,otherParentOtherDetail,DV150,TEXT,NULL,27,N,NULL,N,Court Orders,NULL,\N
746,protectedDad_1,DV150,TEXT,NULL,28,N,NULL,N,Court Orders,NULL,\N
747,protectedMom_1,DV150,TEXT,NULL,29,N,NULL,N,Court Orders,NULL,\N
748,protectedName_1,DV150,TEXT,NULL,30,N,NULL,N,Court Orders,NULL,\N
749,protectedOther_1,DV150,TEXT,NULL,31,N,NULL,N,Court Orders,NULL,\N
750,providerAddress,DV150,TEXT,NULL,32,N,NULL,N,Court Orders,NULL,\N
751,providerName,DV150,TEXT,NULL,33,N,NULL,N,Court Orders,NULL,\N
752,providerNonProfessional,DV150,TEXT,NULL,34,N,NULL,N,Court Orders,NULL,\N
753,providerProfessional,DV150,TEXT,NULL,35,N,NULL,N,Court Orders,NULL,\N
754,providerTelephone,DV150,TEXT,NULL,36,N,NULL,N,Court Orders,NULL,\N
755,providerTherapeutic,DV150,TEXT,NULL,37,N,NULL,N,Court Orders,NULL,\N
756,scheduledVisitsSupervisedDV140,DV150,TEXT,NULL,38,N,NULL,N,Court Orders,NULL,\N
757,scheduledVisitsSupervisedHours,DV150,TEXT,NULL,39,N,NULL,N,Court Orders,NULL,\N
758,scheduledVisitsSupervisedOther,DV150,TEXT,NULL,40,N,NULL,N,Court Orders,NULL,\N
759,scheduledVisitsSupervisedVisits,DV150,TEXT,NULL,41,N,NULL,N,Court Orders,NULL,\N
760,scheduledVisitsSupervisedYes,DV150,BOOL,NULL,42,N,NULL,N,Court Orders,NULL,\N
761,visitationSupervisedDad,DV150,TEXT,NULL,43,N,NULL,N,Court Orders,NULL,\N
762,visitationSupervisedMom,DV150,TEXT,NULL,44,N,NULL,N,Court Orders,NULL,\N
763,visitationSupervisedOther,DV150,TEXT,NULL,45,N,NULL,N,Court Orders,NULL,\N
764,visitationSupervisedOtherDetail,DV150,TEXT,NULL,46,N,NULL,N,Court Orders,NULL,\N
765,visitationYes,DV150,BOOL,NULL,47,N,NULL,N,Court Orders,NULL,\N
766,additionalChildSuppEducation,FL342,TEXT,NULL,1,N,NULL,N,Court Orders,NULL,\N
767,additionalChildSuppEducationOther,FL342,TEXT,NULL,2,N,NULL,N,Court Orders,NULL,\N
768,additionalChildSuppEducationOtherAmount,FL342,TEXT,NULL,3,N,NULL,N,Court Orders,NULL,\N
769,additionalChildSuppEducationOtherDetails,FL342,TEXT,NULL,4,N,NULL,N,Court Orders,NULL,\N
770,additionalChildSuppEducationOtherOr,FL342,TEXT,NULL,5,N,NULL,N,Court Orders,NULL,\N
771,additionalChildSuppEducationOtherParent,FL342,TEXT,NULL,6,N,NULL,N,Court Orders,NULL,\N
772,additionalChildSuppEducationOtherPercent,FL342,TEXT,NULL,7,N,NULL,N,Court Orders,NULL,\N
773,additionalChildSuppEducationPetitioner,FL342,TEXT,NULL,8,N,NULL,N,Court Orders,NULL,\N
774,additionalChildSuppEducationPetitionerAmount,FL342,TEXT,NULL,9,N,NULL,N,Court Orders,NULL,\N
775,additionalChildSuppEducationPetitionerOr,FL342,TEXT,NULL,10,N,NULL,N,Court Orders,NULL,\N
776,additionalChildSuppEducationPetitionerPercent,FL342,TEXT,NULL,11,N,NULL,N,Court Orders,NULL,\N
777,additionalChildSuppEducationRespondent,FL342,TEXT,NULL,12,N,NULL,N,Court Orders,NULL,\N
778,additionalChildSuppEducationRespondentAmount,FL342,TEXT,NULL,13,N,NULL,N,Court Orders,NULL,\N
779,additionalChildSuppEducationRespondentOr,FL342,TEXT,NULL,14,N,NULL,N,Court Orders,NULL,\N
780,additionalChildSuppEducationRespondentPercent,FL342,TEXT,NULL,15,N,NULL,N,Court Orders,NULL,\N
781,additionalChildSuppTravelExp,FL342,TEXT,NULL,16,N,NULL,N,Court Orders,NULL,\N
782,additionalChildSuppTravelExpOther,FL342,TEXT,NULL,17,N,NULL,N,Court Orders,NULL,\N
783,additionalChildSuppTravelExpOtherAmount,FL342,TEXT,NULL,18,N,NULL,N,Court Orders,NULL,\N
784,additionalChildSuppTravelExpOtherDetails,FL342,TEXT,NULL,19,N,NULL,N,Court Orders,NULL,\N
785,additionalChildSuppTravelExpOtherOr,FL342,TEXT,NULL,20,N,NULL,N,Court Orders,NULL,\N
786,additionalChildSuppTravelExpOtherParent,FL342,TEXT,NULL,21,N,NULL,N,Court Orders,NULL,\N
787,additionalChildSuppTravelExpOtherPercent,FL342,TEXT,NULL,22,N,NULL,N,Court Orders,NULL,\N
788,additionalChildSuppTravelExpPetitioner,FL342,TEXT,NULL,23,N,NULL,N,Court Orders,NULL,\N
789,additionalChildSuppTravelExpPetitionerAmount,FL342,TEXT,NULL,24,N,NULL,N,Court Orders,NULL,\N
790,additionalChildSuppTravelExpPetitionerOr,FL342,TEXT,NULL,25,N,NULL,N,Court Orders,NULL,\N
791,additionalChildSuppTravelExpPetitionerPercent,FL342,TEXT,NULL,26,N,NULL,N,Court Orders,NULL,\N
792,additionalChildSuppTravelExpRespondent,FL342,TEXT,NULL,27,N,NULL,N,Court Orders,NULL,\N
793,additionalChildSuppTravelExpRespondentAmount,FL342,TEXT,NULL,28,N,NULL,N,Court Orders,NULL,\N
794,additionalChildSuppTravelExpRespondentOr,FL342,TEXT,NULL,29,N,NULL,N,Court Orders,NULL,\N
795,additionalChildSuppTravelExpRespondentPercent,FL342,TEXT,NULL,30,N,NULL,N,Court Orders,NULL,\N
796,additionalChildSuppYes,FL342,BOOL,NULL,31,N,NULL,N,Court Orders,NULL,\N
797,attachmentFindingsOrderDV130,FL342,BOOL,NULL,32,N,NULL,N,Court Orders,NULL,\N
798,attachmentFindingsOrderFL180,FL342,BOOL,NULL,33,N,NULL,N,Court Orders,NULL,\N
799,attachmentFindingsOrderFL340,FL342,BOOL,NULL,34,N,NULL,N,Court Orders,NULL,\N
800,attachmentFindingsOrderOther,FL342,TEXT,NULL,35,N,NULL,N,Court Orders,NULL,\N
801,attachmentFindingsOrderOtherDetail,FL342,TEXT,NULL,36,N,NULL,N,Court Orders,NULL,\N
802,caseNumber,FL342,TEXT,NULL,37,N,NULL,N,Court Orders,NULL,\N
803,childSupportAmountIncome,FL342,TEXT,NULL,38,N,NULL,N,Court Orders,NULL,\N
804,childSupportAmountOtherGross,FL342,TEXT,NULL,39,N,NULL,N,Court Orders,NULL,\N
805,childSupportAmountOtherNet,FL342,TEXT,NULL,40,N,NULL,N,Court Orders,NULL,\N
806,childSupportAmountOtherTANF,FL342,TEXT,NULL,41,N,NULL,N,Court Orders,NULL,\N
807,childSupportAmountPetitionerGross,FL342,TEXT,NULL,42,N,NULL,N,Court Orders,NULL,\N
808,childSupportAmountPetitionerNet,FL342,TEXT,NULL,43,N,NULL,N,Court Orders,NULL,\N
809,childSupportAmountPetitionerTANF,FL342,TEXT,NULL,44,N,NULL,N,Court Orders,NULL,\N
810,childSupportAmountPrintout,FL342,TEXT,NULL,45,N,NULL,N,Court Orders,NULL,\N
811,childSupportAmountRespondentGross,FL342,TEXT,NULL,46,N,NULL,N,Court Orders,NULL,\N
812,childSupportAmountRespondentNet,FL342,TEXT,NULL,47,N,NULL,N,Court Orders,NULL,\N
813,childSupportAmountRespondentTANF,FL342,TEXT,NULL,48,N,NULL,N,Court Orders,NULL,\N
814,childSupportAmount_1,FL342,TEXT,NULL,49,N,NULL,N,Court Orders,NULL,\N
815,childSupportAmount_2,FL342,TEXT,NULL,50,N,NULL,N,Court Orders,NULL,\N
816,childSupportAmount_3,FL342,TEXT,NULL,51,N,NULL,N,Court Orders,NULL,\N
817,childSupportAmount_4,FL342,TEXT,NULL,52,N,NULL,N,Court Orders,NULL,\N
818,childSupportBaseDate,FL342,DATE,NULL,53,N,NULL,N,Court Orders,NULL,\N
819,childSupportBaseOther,FL342,TEXT,NULL,54,N,NULL,N,Court Orders,NULL,\N
820,childSupportBasePetitioner,FL342,TEXT,NULL,55,N,NULL,N,Court Orders,NULL,\N
821,childSupportBaseRespondent,FL342,TEXT,NULL,56,N,NULL,N,Court Orders,NULL,\N
822,childSupportBaseYes,FL342,BOOL,NULL,57,N,NULL,N,Court Orders,NULL,\N
823,childSupportDOB_1,FL342,TEXT,NULL,58,N,NULL,N,Court Orders,NULL,\N
824,childSupportDOB_2,FL342,TEXT,NULL,59,N,NULL,N,Court Orders,NULL,\N
825,childSupportDOB_3,FL342,TEXT,NULL,60,N,NULL,N,Court Orders,NULL,\N
826,childSupportDOB_4,FL342,TEXT,NULL,61,N,NULL,N,Court Orders,NULL,\N
827,childSupportName_1,FL342,TEXT,NULL,62,N,NULL,N,Court Orders,NULL,\N
828,childSupportName_2,FL342,TEXT,NULL,63,N,NULL,N,Court Orders,NULL,\N
829,childSupportName_3,FL342,TEXT,NULL,64,N,NULL,N,Court Orders,NULL,\N
830,childSupportName_4,FL342,TEXT,NULL,65,N,NULL,N,Court Orders,NULL,\N
831,childSupportPayTo_1,FL342,TEXT,NULL,66,N,NULL,N,Court Orders,NULL,\N
832,childSupportPayTo_2,FL342,TEXT,NULL,67,N,NULL,N,Court Orders,NULL,\N
833,childSupportPayTo_3,FL342,TEXT,NULL,68,N,NULL,N,Court Orders,NULL,\N
834,childSupportPayTo_4,FL342,TEXT,NULL,69,N,NULL,N,Court Orders,NULL,\N
835,childSupportPayableFirst,FL342,TEXT,NULL,70,N,NULL,N,Court Orders,NULL,\N
836,childSupportPayableFirstFifteen,FL342,TEXT,NULL,71,N,NULL,N,Court Orders,NULL,\N
837,childSupportPayableOther,FL342,TEXT,NULL,72,N,NULL,N,Court Orders,NULL,\N
838,childSupportPayableOtherDetail,FL342,TEXT,NULL,73,N,NULL,N,Court Orders,NULL,\N
839,childrenRelationshipNumber,FL342,TEXT,NULL,74,N,NULL,N,Court Orders,NULL,\N
840,childrenRelationshipPercentTimeOther,FL342,TEXT,NULL,75,N,NULL,N,Court Orders,NULL,\N
841,childrenRelationshipPercentTimePetitioner,FL342,TEXT,NULL,76,N,NULL,N,Court Orders,NULL,\N
842,childrenRelationshipPercentTimeRespondent,FL342,TEXT,NULL,77,N,NULL,N,Court Orders,NULL,\N
843,childrenRelationshipYes,FL342,BOOL,NULL,78,N,NULL,N,Court Orders,NULL,\N
844,employmentSearchOrderOther,FL342,TEXT,NULL,79,N,NULL,N,Court Orders,NULL,\N
845,employmentSearchOrderPetitioner,FL342,TEXT,NULL,80,N,NULL,N,Court Orders,NULL,\N
846,employmentSearchOrderRespondent,FL342,TEXT,NULL,81,N,NULL,N,Court Orders,NULL,\N
847,employmentSearchOrderYes,FL342,BOOL,NULL,82,N,NULL,N,Court Orders,NULL,\N
848,hardshipsCatastrophicOtherAmount,FL342,TEXT,NULL,83,N,NULL,N,Court Orders,NULL,\N
849,hardshipsCatastrophicPetitionerAmount,FL342,TEXT,NULL,84,N,NULL,N,Court Orders,NULL,\N
850,hardshipsCatastrophicPetitionerEndDate,FL342,DATE,NULL,85,N,NULL,N,Court Orders,NULL,\N
851,hardshipsCatastrophicRespondentAmount,FL342,TEXT,NULL,86,N,NULL,N,Court Orders,NULL,\N
852,hardshipsCatastrophicYes,FL342,BOOL,NULL,87,N,NULL,N,Court Orders,NULL,\N
853,hardshipsMedicalExpensesEndDate,FL342,DATE,NULL,88,N,NULL,N,Court Orders,NULL,\N
854,hardshipsMedicalExpensesOtherAmount,FL342,TEXT,NULL,89,N,NULL,N,Court Orders,NULL,\N
855,hardshipsMedicalExpensesPetitionerAmount,FL342,TEXT,NULL,90,N,NULL,N,Court Orders,NULL,\N
856,hardshipsMedicalExpensesRespondentAmount,FL342,TEXT,NULL,91,N,NULL,N,Court Orders,NULL,\N
857,hardshipsMedicalExpensesYes,FL342,BOOL,NULL,92,N,NULL,N,Court Orders,NULL,\N
858,hardshipsMinorChildrenEndDate,FL342,DATE,NULL,93,N,NULL,N,Court Orders,NULL,\N
859,hardshipsMinorChildrenOtherAmount,FL342,TEXT,NULL,94,N,NULL,N,Court Orders,NULL,\N
860,hardshipsMinorChildrenPetitionerAmount,FL342,TEXT,NULL,95,N,NULL,N,Court Orders,NULL,\N
861,hardshipsMinorChildrenRespondentAmount,FL342,TEXT,NULL,96,N,NULL,N,Court Orders,NULL,\N
862,hardshipsMinorChildrenYes,FL342,TEXT,NULL,97,N,NULL,N,Court Orders,NULL,\N
863,hardshipsYes,FL342,TEXT,NULL,98,N,NULL,N,Court Orders,NULL,\N
864,healthCareCostRightReimburse,FL342,TEXT,NULL,99,N,NULL,N,Court Orders,NULL,\N
865,healthCareCostsNotAvail,FL342,TEXT,NULL,100,N,NULL,N,Court Orders,NULL,\N
866,healthCareCostsNotAvailOtherParent,FL342,TEXT,NULL,101,N,NULL,N,Court Orders,NULL,\N
867,healthCareCostsNotAvailPetitioner,FL342,TEXT,NULL,102,N,NULL,N,Court Orders,NULL,\N
868,healthCareCostsNotAvailRespondent,FL342,TEXT,NULL,103,N,NULL,N,Court Orders,NULL,\N
869,healthCareCostsOther,FL342,TEXT,NULL,104,N,NULL,N,Court Orders,NULL,\N
870,healthCareCostsPetitioner,FL342,TEXT,NULL,105,N,NULL,N,Court Orders,NULL,\N
871,healthCareCostsRepsondent,FL342,TEXT,NULL,106,N,NULL,N,Court Orders,NULL,\N
872,imputationIncomeOther,FL342,TEXT,NULL,107,N,NULL,N,Court Orders,NULL,\N
873,imputationIncomePetitioner,FL342,TEXT,NULL,108,N,NULL,N,Court Orders,NULL,\N
874,imputationIncomeRespondent,FL342,TEXT,NULL,109,N,NULL,N,Court Orders,NULL,\N
875,imputedIncomeAmount,FL342,TEXT,NULL,110,N,NULL,N,Court Orders,NULL,\N
876,imputedIncomePerson,FL342,TEXT,NULL,111,N,NULL,N,Court Orders,NULL,\N
877,lowIncomeAdustmentApplies,FL342,TEXT,NULL,112,N,NULL,N,Court Orders,NULL,\N
878,lowIncomeAdustmentNotApplies,FL342,TEXT,NULL,113,N,NULL,N,Court Orders,NULL,\N
879,lowIncomeAdustmentNotAppliesDetails,FL342,TEXT,NULL,114,N,NULL,N,Court Orders,NULL,\N
880,lowIncomeAdustmentYes,FL342,BOOL,NULL,115,N,NULL,N,Court Orders,NULL,\N
881,mandAddChildSuppEmployment,FL342,TEXT,NULL,116,N,NULL,N,Court Orders,NULL,\N
882,mandAddChildSuppEmploymentOther,FL342,TEXT,NULL,117,N,NULL,N,Court Orders,NULL,\N
883,mandAddChildSuppEmploymentOtherAmount,FL342,TEXT,NULL,118,N,NULL,N,Court Orders,NULL,\N
884,mandAddChildSuppEmploymentOtherDetails,FL342,TEXT,NULL,119,N,NULL,N,Court Orders,NULL,\N
885,mandAddChildSuppEmploymentOtherOr,FL342,TEXT,NULL,120,N,NULL,N,Court Orders,NULL,\N
886,mandAddChildSuppEmploymentOtherParent,FL342,TEXT,NULL,121,N,NULL,N,Court Orders,NULL,\N
887,mandAddChildSuppEmploymentOtherPercent,FL342,TEXT,NULL,122,N,NULL,N,Court Orders,NULL,\N
888,mandAddChildSuppEmploymentPetitioner,FL342,TEXT,NULL,123,N,NULL,N,Court Orders,NULL,\N
889,mandAddChildSuppEmploymentPetitionerAmount,FL342,TEXT,NULL,124,N,NULL,N,Court Orders,NULL,\N
890,mandAddChildSuppEmploymentPetitionerOr,FL342,TEXT,NULL,125,N,NULL,N,Court Orders,NULL,\N
891,mandAddChildSuppEmploymentPetitionerPercent,FL342,TEXT,NULL,126,N,NULL,N,Court Orders,NULL,\N
892,mandAddChildSuppEmploymentRespondent,FL342,TEXT,NULL,127,N,NULL,N,Court Orders,NULL,\N
893,mandAddChildSuppEmploymentRespondentAmount,FL342,TEXT,NULL,128,N,NULL,N,Court Orders,NULL,\N
894,mandAddChildSuppEmploymentRespondentOr,FL342,TEXT,NULL,129,N,NULL,N,Court Orders,NULL,\N
895,mandAddChildSuppEmploymentRespondentPercent,FL342,TEXT,NULL,130,N,NULL,N,Court Orders,NULL,\N
896,mandAddChildSuppHealthCare,FL342,TEXT,NULL,131,N,NULL,N,Court Orders,NULL,\N
897,mandAddChildSuppHealthCareOther,FL342,TEXT,NULL,132,N,NULL,N,Court Orders,NULL,\N
898,mandAddChildSuppHealthCareOtherAmount,FL342,TEXT,NULL,133,N,NULL,N,Court Orders,NULL,\N
899,mandAddChildSuppHealthCareOtherDetails,FL342,TEXT,NULL,134,N,NULL,N,Court Orders,NULL,\N
900,mandAddChildSuppHealthCareOtherOr,FL342,TEXT,NULL,135,N,NULL,N,Court Orders,NULL,\N
901,mandAddChildSuppHealthCareOtherParent,FL342,TEXT,NULL,136,N,NULL,N,Court Orders,NULL,\N
902,mandAddChildSuppHealthCareOtherPercent,FL342,TEXT,NULL,137,N,NULL,N,Court Orders,NULL,\N
903,mandAddChildSuppHealthCarePetitioner,FL342,TEXT,NULL,138,N,NULL,N,Court Orders,NULL,\N
904,mandAddChildSuppHealthCarePetitionerAmount,FL342,TEXT,NULL,139,N,NULL,N,Court Orders,NULL,\N
905,mandAddChildSuppHealthCarePetitionerOr,FL342,TEXT,NULL,140,N,NULL,N,Court Orders,NULL,\N
906,mandAddChildSuppHealthCarePetitionerPercent,FL342,TEXT,NULL,141,N,NULL,N,Court Orders,NULL,\N
907,mandAddChildSuppHealthCareRespondent,FL342,TEXT,NULL,142,N,NULL,N,Court Orders,NULL,\N
908,mandAddChildSuppHealthCareRespondentAmount,FL342,TEXT,NULL,143,N,NULL,N,Court Orders,NULL,\N
909,mandAddChildSuppHealthCareRespondentOr,FL342,TEXT,NULL,144,N,NULL,N,Court Orders,NULL,\N
910,mandAddChildSuppHealthCareRespondentPercent,FL342,TEXT,NULL,145,N,NULL,N,Court Orders,NULL,\N
911,mandAddChildSuppYes,FL342,BOOL,NULL,146,N,NULL,N,Court Orders,NULL,\N
912,nonGuidelineOrderYes,FL342,BOOL,NULL,147,N,NULL,N,Court Orders,NULL,\N
913,noticeFooter,FL342,TEXT,NULL,148,N,NULL,N,Court Orders,NULL,\N
914,otherOrdersDetail,FL342,TEXT,NULL,149,N,NULL,N,Court Orders,NULL,\N
915,otherParent,FL342,TEXT,NULL,150,N,NULL,N,Court Orders,NULL,\N
916,petitionerName,FL342,TEXT,NULL,151,N,NULL,N,Court Orders,NULL,\N
917,respondentName,FL342,TEXT,NULL,152,N,NULL,N,Court Orders,NULL,\N
918,totalChildSupportAmount,FL342,TEXT,NULL,153,N,NULL,N,Court Orders,NULL,\N
